timestamp,downloads,stars
2016-04-27T00:00:00+00:00,0,0
2016-08-30T00:00:00+00:00,,5
2017-06-22T00:00:00+00:00,0,30
2017-07-26T00:00:00+00:00,27,37
2017-07-27T00:00:00+00:00,30,40
2017-07-29T00:00:00+00:00,32,41
2017-08-01T00:00:00+00:00,37,45
2017-08-07T00:00:00+00:00,40,46
2017-08-09T00:00:00+00:00,42,47
2017-08-13T00:00:00+00:00,50,49
2017-08-15T00:00:00+00:00,50,50
2017-08-17T00:00:00+00:00,51,51
2017-08-18T00:00:00+00:00,53,52
2017-08-20T00:00:00+00:00,55,53
2017-08-21T00:00:00+00:00,56,54
2017-08-24T00:00:00+00:00,62,55
2017-08-25T00:00:00+00:00,68,55
2017-08-26T00:00:00+00:00,70,55
2017-08-29T00:00:00+00:00,76,55
2017-08-31T00:00:00+00:00,82,57
2017-09-05T00:00:00+00:00,89,60
2017-09-07T00:00:00+00:00,96,61
2017-09-14T00:00:00+00:00,111,61
2017-09-20T00:00:00+00:00,121,63
2017-09-21T00:00:00+00:00,127,63
2017-09-23T00:00:00+00:00,127,63
2017-09-26T00:00:00+00:00,129,64
2017-09-29T00:00:00+00:00,148,66
2017-10-03T00:00:00+00:00,157,69
2017-10-04T00:00:00+00:00,158,70
2017-10-05T00:00:00+00:00,159,70
2017-10-10T00:00:00+00:00,167,70
2017-10-11T00:00:00+00:00,167,70
2017-10-12T00:00:00+00:00,180,72
2017-10-14T00:00:00+00:00,182,72
2017-10-16T00:00:00+00:00,187,73
2017-10-17T00:00:00+00:00,198,73
2017-10-18T00:00:00+00:00,239,75
2017-10-19T00:00:00+00:00,250,75
2017-10-20T00:00:00+00:00,252,75
2017-10-21T00:00:00+00:00,252,77
2017-10-22T00:00:00+00:00,254,78
2017-10-23T00:00:00+00:00,256,80
2017-10-24T00:00:00+00:00,261,82
2017-10-25T00:00:00+00:00,263,84
2017-10-26T00:00:00+00:00,265,84
2017-10-27T00:00:00+00:00,276,85
2017-10-28T00:00:00+00:00,281,85
2017-10-29T00:00:00+00:00,285,85
2017-10-30T00:00:00+00:00,292,86
2017-10-31T00:00:00+00:00,300,86
2017-11-01T00:00:00+00:00,303,86
2017-11-02T00:00:00+00:00,304,86
2017-11-04T00:00:00+00:00,315,87
2017-11-05T00:00:00+00:00,315,87
2017-11-06T00:00:00+00:00,320,89
2017-11-07T00:00:00+00:00,326,90
2017-11-08T00:00:00+00:00,328,92
2017-11-09T00:00:00+00:00,337,99
2017-11-10T00:00:00+00:00,349,106
2017-11-11T00:00:00+00:00,355,114
2017-11-12T00:00:00+00:00,357,114
2017-11-13T00:00:00+00:00,364,114
2017-11-14T00:00:00+00:00,367,120
2017-11-15T00:00:00+00:00,373,120
2017-11-16T00:00:00+00:00,373,120
2017-11-17T00:00:00+00:00,376,120
2017-11-18T00:00:00+00:00,383,122
2017-11-19T00:00:00+00:00,385,122
2017-11-20T00:00:00+00:00,391,124
2017-11-21T00:00:00+00:00,420,149
2017-11-22T00:00:00+00:00,587,302
2017-11-23T00:00:00+00:00,703,435
2017-11-24T00:00:00+00:00,825,535
2017-11-25T00:00:00+00:00,875,610
2017-11-26T00:00:00+00:00,896,622
2017-11-27T00:00:00+00:00,944,646
2017-11-28T00:00:00+00:00,973,661
2017-11-29T00:00:00+00:00,984,663
2017-11-30T00:00:00+00:00,1009,677
2017-12-01T00:00:00+00:00,1021,690
2017-12-02T00:00:00+00:00,1027,694
2017-12-03T00:00:00+00:00,1032,696
2017-12-04T00:00:00+00:00,1055,702
2017-12-05T00:00:00+00:00,1066,705
2017-12-06T00:00:00+00:00,1077,707
2017-12-07T19:52:21.692046+00:00,1077,707
2017-12-07T19:52:32.846288+00:00,1077,707
2017-12-07T19:52:47.568032+00:00,1077,707
2017-12-07T19:54:28.054072+00:00,1077,707
2017-12-07T19:58:17.418327+00:00,1077,707
2017-12-07T19:59:31.136870+00:00,1077,707
2017-12-07T20:00:04.913667+00:00,1077,707
2017-12-08T00:00:02.658717+00:00,1079,707
2017-12-09T00:00:02.506211+00:00,1084,711
2017-12-10T00:00:02.049861+00:00,1118,716
2017-12-11T00:00:01.214965+00:00,1119,715
2017-12-12T00:00:01.373307+00:00,1134,717
2017-12-13T00:00:01.584564+00:00,1161,718
2017-12-14T00:00:02.310032+00:00,1186,722
2017-12-15T00:00:01.497403+00:00,1190,724
2017-12-16T00:00:02.370792+00:00,1208,726
2017-12-17T00:00:01.561811+00:00,1213,726
2017-12-18T00:00:01.909445+00:00,1225,727
2017-12-19T00:00:03.933562+00:00,1240,727
2017-12-20T00:00:03.306029+00:00,1269,729
2017-12-21T00:00:01.473203+00:00,1277,730
2017-12-22T00:00:02.622186+00:00,1290,732
2017-12-23T00:00:02.290781+00:00,1298,734
2017-12-24T00:00:01.504101+00:00,1303,735
2017-12-25T00:00:01.702729+00:00,1309,736
2017-12-26T00:00:02.548601+00:00,1313,738
2017-12-27T00:00:01.682617+00:00,1318,738
2017-12-28T00:00:02.254123+00:00,1322,738
2017-12-29T00:00:01.501950+00:00,1334,740
2017-12-30T00:00:01.706330+00:00,1343,741
2017-12-31T00:00:01.971460+00:00,1347,742
2018-01-01T00:00:03.137289+00:00,1359,746
2018-01-02T00:00:01.286747+00:00,1372,747
2018-01-03T00:00:01.484119+00:00,1388,749
2018-01-04T00:00:02.011572+00:00,1403,752
2018-01-05T00:00:01.192730+00:00,1445,753
2018-01-06T00:00:01.368078+00:00,1464,756
2018-01-07T00:00:01.635139+00:00,1481,762
2018-01-08T00:00:01.840205+00:00,1489,765
2018-01-09T00:00:02.151231+00:00,1510,765
2018-01-10T00:00:01.376977+00:00,1532,768
2018-01-11T00:00:02.195230+00:00,1553,769
2018-01-12T00:00:01.460012+00:00,1567,771
2018-01-13T00:00:01.826774+00:00,1585,772
2018-01-14T00:00:02.080261+00:00,1601,772
2018-01-15T00:00:01.377797+00:00,1613,773
2018-01-16T00:00:01.875055+00:00,1627,773
2018-01-17T00:00:02.110537+00:00,1655,774
2018-01-18T00:00:01.375071+00:00,1677,776
2018-01-19T00:00:01.676136+00:00,1700,778
2018-01-20T00:00:02.019588+00:00,1711,781
2018-01-21T00:00:01.249453+00:00,1726,781
2018-01-22T00:00:01.567388+00:00,1735,781
2018-01-23T00:00:01.803283+00:00,1767,783
2018-01-24T00:00:02.286341+00:00,1783,783
2018-01-25T00:00:01.565287+00:00,1801,786
2018-01-26T00:00:02.075406+00:00,1829,788
2018-01-27T00:00:01.535302+00:00,1841,790
2018-01-28T00:00:01.741428+00:00,1850,791
2018-01-29T00:00:02.493565+00:00,1854,791
2018-01-30T00:00:02.208719+00:00,1872,793
2018-01-31T00:00:01.347054+00:00,1899,796
2018-02-01T00:00:01.757454+00:00,1929,796
2018-02-02T00:00:02.183334+00:00,1943,799
2018-02-03T00:00:01.579830+00:00,1952,800
2018-02-04T00:00:01.824352+00:00,1976,802
2018-02-05T00:00:02.125726+00:00,1989,803
2018-02-06T00:00:01.427935+00:00,2010,806
2018-02-07T00:00:02.147467+00:00,2029,809
2018-02-08T00:00:01.690589+00:00,2054,812
2018-02-09T00:00:01.934102+00:00,2076,813
2018-02-10T00:00:02.208516+00:00,2090,816
2018-02-11T00:00:01.399557+00:00,2104,817
2018-02-12T00:00:02.745924+00:00,2111,818
2018-02-13T00:00:02.133693+00:00,2128,820
2018-02-14T00:00:01.448785+00:00,2144,820
2018-02-15T00:00:01.860667+00:00,2165,820
2018-02-16T00:00:02.073921+00:00,2180,822
2018-02-17T00:00:01.274477+00:00,2192,822
2018-02-18T00:00:01.556151+00:00,2200,826
2018-02-19T00:00:01.797565+00:00,2215,828
2018-02-20T00:00:02.025423+00:00,2231,828
2018-02-21T00:00:01.209516+00:00,2246,830
2018-02-22T00:00:01.479388+00:00,2279,831
2018-02-23T00:00:01.694684+00:00,2308,833
2018-02-24T00:00:02.080629+00:00,2326,834
2018-02-25T00:00:01.392169+00:00,2338,834
2018-02-26T00:00:01.579373+00:00,2355,836
2018-02-27T00:00:02.419266+00:00,2383,842
2018-02-28T00:00:01.582682+00:00,2403,844
2018-03-01T00:00:01.866887+00:00,2421,845
2018-03-02T00:00:02.175035+00:00,2448,847
2018-03-03T00:00:01.386849+00:00,2464,850
2018-03-04T00:00:01.696165+00:00,2483,850
2018-03-05T00:00:01.928342+00:00,2499,851
2018-03-06T00:00:02.236071+00:00,2525,851
2018-03-07T00:00:01.506056+00:00,2542,853
2018-03-08T00:00:02.828289+00:00,2564,855
2018-03-09T00:00:02.310992+00:00,2593,857
2018-03-10T00:00:01.898638+00:00,2615,858
2018-03-11T00:00:02.225162+00:00,2624,856
2018-03-12T00:00:01.565517+00:00,2634,856
2018-03-13T00:00:01.908379+00:00,2671,859
2018-03-14T00:00:02.427385+00:00,2697,859
2018-03-15T00:00:02.431129+00:00,2726,860
2018-03-16T00:00:01.758505+00:00,2744,860
2018-03-17T00:00:02.294358+00:00,2763,862
2018-03-18T00:00:01.509520+00:00,2774,864
2018-03-19T00:00:01.821827+00:00,2785,868
2018-03-20T00:00:02.130449+00:00,2814,874
2018-03-21T00:00:02.001890+00:00,2830,875
2018-03-22T00:00:01.286116+00:00,2840,874
2018-03-23T00:00:01.554542+00:00,2858,873
2018-03-24T00:00:02.025610+00:00,2874,876
2018-03-25T00:00:01.203553+00:00,2884,877
2018-03-26T00:00:01.382563+00:00,2901,877
2018-03-27T00:00:01.643277+00:00,2919,880
2018-03-28T00:00:01.894674+00:00,2939,882
2018-03-29T00:00:02.240383+00:00,2985,884
2018-03-30T00:00:01.523851+00:00,2992,885
2018-03-31T00:00:01.843810+00:00,3011,886
2018-04-01T00:00:02.107857+00:00,3025,886
2018-04-02T00:00:01.475440+00:00,3040,889
2018-04-03T00:00:02.027111+00:00,3050,887
2018-04-04T00:00:01.256854+00:00,3058,890
2018-04-05T00:00:01.502397+00:00,3081,890
2018-04-06T00:00:01.978075+00:00,3095,892
2018-04-07T00:00:01.146984+00:00,3113,892
2018-04-08T00:00:01.307943+00:00,3123,893
2018-04-09T00:00:01.740249+00:00,3140,893
2018-04-10T00:00:02.019526+00:00,3159,893
2018-04-11T00:00:01.235177+00:00,3243,893
2018-04-12T00:00:01.560463+00:00,3387,894
2018-04-13T00:00:02.005732+00:00,3420,896
2018-04-14T00:00:01.290795+00:00,3470,898
2018-04-15T00:00:01.564095+00:00,3480,899
2018-04-16T00:00:01.884603+00:00,3501,901
2018-04-17T00:00:02.196621+00:00,3512,901
2018-04-18T00:00:01.498146+00:00,3519,901
2018-04-19T00:00:01.836327+00:00,3528,902
2018-04-20T00:00:02.436656+00:00,3547,903
2018-04-21T00:00:01.667565+00:00,3554,904
2018-04-22T00:00:01.884806+00:00,3560,904
2018-04-23T00:00:02.042225+00:00,3575,906
2018-04-24T00:00:01.660308+00:00,3613,910
2018-04-25T00:00:02.390543+00:00,3631,913
2018-04-26T00:00:01.642266+00:00,3656,914
2018-04-27T00:00:01.850374+00:00,3671,917
2018-04-28T00:00:02.366175+00:00,3715,920
2018-04-29T00:00:01.539751+00:00,3728,923
2018-04-30T00:00:01.799697+00:00,3739,924
2018-05-01T00:00:02.050597+00:00,3759,926
2018-05-02T00:00:01.340164+00:00,3766,924
2018-05-03T00:00:01.607090+00:00,3785,927
2018-05-04T00:00:01.826062+00:00,3808,930
2018-05-05T00:00:02.268143+00:00,3824,933
2018-05-06T00:00:01.456033+00:00,3838,933
2018-05-07T00:00:01.659422+00:00,3851,934
2018-05-08T00:00:01.830781+00:00,3869,939
2018-05-09T00:00:02.094006+00:00,3889,940
2018-05-10T00:00:01.310023+00:00,3904,940
2018-05-11T00:00:01.593052+00:00,3921,941
2018-05-12T00:00:01.970316+00:00,3936,945
2018-05-13T00:00:02.190641+00:00,3956,952
2018-05-14T00:00:01.554622+00:00,3973,955
2018-05-15T00:00:01.903969+00:00,3997,954
2018-05-16T00:00:02.354884+00:00,4020,956
2018-05-17T00:00:01.579446+00:00,4039,957
2018-05-18T00:00:01.825152+00:00,4061,958
2018-05-19T00:00:02.337643+00:00,4085,960
2018-05-20T00:00:01.610443+00:00,4092,961
2018-05-21T00:00:01.802090+00:00,4100,962
2018-05-22T00:00:02.725479+00:00,4116,963
2018-05-23T00:00:02.580542+00:00,4139,965
2018-05-24T00:00:01.917444+00:00,4157,966
2018-05-25T00:00:02.231105+00:00,4165,967
2018-05-26T00:00:01.479858+00:00,4189,968
2018-05-27T00:00:01.756972+00:00,4197,969
2018-05-28T00:00:01.974857+00:00,4204,968
2018-05-29T00:00:02.154443+00:00,4219,968
2018-05-30T00:00:01.412694+00:00,4272,970
2018-05-31T00:00:01.767789+00:00,4285,971
2018-06-01T00:00:01.990144+00:00,4307,971
2018-06-02T00:00:01.145879+00:00,4331,974
2018-06-03T00:00:01.817078+00:00,4349,974
2018-06-04T00:00:02.056359+00:00,4368,976
2018-06-05T00:00:01.352470+00:00,4399,976
2018-06-06T00:00:01.680124+00:00,4421,977
2018-06-07T00:00:01.903612+00:00,4440,978
2018-06-08T00:00:02.352330+00:00,4457,979
2018-06-09T00:00:01.534008+00:00,4474,982
2018-06-10T00:00:01.724978+00:00,4494,983
2018-06-11T00:00:01.921338+00:00,4512,983
2018-06-12T00:00:02.205532+00:00,4556,986
2018-06-13T00:00:01.518069+00:00,4577,989
2018-06-14T00:00:01.680486+00:00,4596,991
2018-06-15T00:00:02.014250+00:00,4619,992
2018-06-16T00:00:01.244140+00:00,4647,993
2018-06-17T00:00:01.802901+00:00,4664,993
2018-06-18T00:00:02.091614+00:00,4681,995
2018-06-19T00:00:01.391844+00:00,4705,997
2018-06-20T00:00:01.683915+00:00,4716,997
2018-06-21T00:00:01.865965+00:00,4743,997
2018-06-22T00:00:02.088830+00:00,4771,998
2018-06-23T00:00:01.342141+00:00,4789,1001
2018-06-24T00:00:01.485350+00:00,4808,1003
2018-06-25T00:00:01.662650+00:00,4820,1005
2018-06-26T00:00:02.253844+00:00,4835,1008
2018-06-27T00:00:01.423352+00:00,4870,1010
2018-06-28T00:00:01.729520+00:00,4899,1012
2018-06-29T00:00:02.001959+00:00,4920,1012
2018-06-30T00:00:01.223198+00:00,4938,1015
2018-07-01T00:00:01.489075+00:00,4953,1017
2018-07-02T00:00:01.642642+00:00,4966,1016
2018-07-03T00:00:01.896921+00:00,4993,1018
2018-07-04T00:00:02.252016+00:00,5040,1021
2018-07-05T00:00:01.397668+00:00,5095,1022
2018-07-06T00:00:01.698346+00:00,5123,1023
2018-07-07T00:00:01.962776+00:00,5155,1024
2018-07-08T00:00:02.240518+00:00,5165,1025
2018-07-09T00:00:01.460772+00:00,5183,1026
2018-07-10T00:00:01.776017+00:00,5217,1026
2018-07-11T00:00:02.065119+00:00,5250,1028
2018-07-12T00:00:01.273788+00:00,5277,1029
2018-07-13T00:00:01.586212+00:00,5310,1034
2018-07-14T00:00:01.884287+00:00,5329,1038
2018-07-15T00:00:02.233791+00:00,5344,1038
2018-07-16T00:00:01.470282+00:00,5358,1040
2018-07-17T00:00:01.734399+00:00,5380,1043
2018-07-18T00:00:01.939770+00:00,5408,1046
2018-07-19T00:00:02.216911+00:00,5451,1050
2018-07-20T00:00:01.527419+00:00,5478,1050
2018-07-21T00:00:01.943357+00:00,5494,1050
2018-07-22T00:00:02.248069+00:00,5508,1053
2018-07-23T00:00:01.454004+00:00,5525,1055
2018-07-24T00:00:01.690121+00:00,5549,1056
2018-07-25T00:00:01.853899+00:00,5581,1057
2018-07-26T00:00:02.061956+00:00,5603,1057
2018-07-27T00:00:01.265219+00:00,5627,1058
2018-07-28T00:00:01.514990+00:00,5649,1060
2018-07-29T00:00:01.766379+00:00,5656,1061
2018-07-30T00:00:01.985364+00:00,5684,1063
2018-07-31T00:00:01.240274+00:00,5709,1064
2018-08-01T00:00:01.508723+00:00,5723,1066
2018-08-02T00:00:01.753630+00:00,5753,1067
2018-08-03T00:00:01.937242+00:00,5776,1067
2018-08-04T00:00:02.085235+00:00,5797,1068
2018-08-05T00:00:01.230586+00:00,5810,1070
2018-08-06T00:00:01.380917+00:00,5823,1073
2018-08-07T00:00:01.558674+00:00,5847,1074
2018-08-08T00:00:01.925129+00:00,5865,1077
2018-08-09T00:00:03.107738+00:00,5891,1083
2018-08-10T00:00:01.336283+00:00,5911,1084
2018-08-11T00:00:01.513563+00:00,5940,1088
2018-08-12T00:00:01.777949+00:00,5954,1089
2018-08-13T00:00:02.114125+00:00,5966,1090
2018-08-14T00:00:02.287567+00:00,5984,1091
2018-08-15T00:00:01.529033+00:00,6023,1093
2018-08-16T00:00:01.829891+00:00,6046,1093
2018-08-17T00:00:02.144550+00:00,6067,1093
2018-08-18T00:00:01.348080+00:00,6089,1096
2018-08-19T00:00:01.590785+00:00,6102,1100
2018-08-20T00:00:01.854533+00:00,6128,1101
2018-08-21T00:00:02.233079+00:00,6167,1103
2018-08-22T00:00:01.393457+00:00,6195,1103
2018-08-23T00:00:02.141297+00:00,6217,1103
2018-08-24T00:00:01.411330+00:00,6236,1105
2018-08-25T00:00:01.678303+00:00,6262,1106
2018-08-26T00:00:01.979415+00:00,6279,1110
2018-08-27T00:00:01.259590+00:00,6291,1113
2018-08-28T00:00:01.542355+00:00,6373,1114
2018-08-29T00:00:01.767392+00:00,6425,1119
2018-08-30T00:00:02.112710+00:00,6491,1130
2018-08-31T00:00:01.294673+00:00,6523,1135
2018-09-01T00:00:01.481458+00:00,6557,1136
2018-09-02T00:00:01.642085+00:00,6578,1137
2018-09-03T00:00:02.239186+00:00,6590,1137
2018-09-04T00:00:01.416964+00:00,6616,1139
2018-09-05T00:00:01.614442+00:00,6662,1141
2018-09-06T00:00:02.018160+00:00,6699,1144
2018-09-07T00:00:01.517852+00:00,6740,1145
2018-09-08T00:00:01.752468+00:00,6765,1146
2018-09-09T00:00:02.003956+00:00,6785,1147
2018-09-10T00:00:01.250304+00:00,6805,1149
2018-09-11T00:00:01.782585+00:00,6848,1153
2018-09-12T00:00:02.201708+00:00,6879,1158
2018-09-13T00:00:01.646594+00:00,6918,1159
2018-09-14T00:00:01.999625+00:00,6938,1162
2018-09-15T00:00:01.215298+00:00,6970,1164
2018-09-16T00:00:01.473325+00:00,6987,1166
2018-09-17T00:00:01.712820+00:00,7008,1166
2018-09-18T00:00:01.961008+00:00,7037,1167
2018-09-19T00:00:02.263678+00:00,7059,1172
2018-09-20T00:00:01.530549+00:00,7088,1173
2018-09-21T00:00:02.449562+00:00,7123,1175
2018-09-22T00:00:01.957920+00:00,7151,1175
2018-09-23T00:00:02.408730+00:00,7177,1176
2018-09-24T00:00:02.388621+00:00,7204,1176
2018-09-25T00:00:01.639404+00:00,7256,1179
2018-09-26T00:00:01.981613+00:00,7293,1182
2018-09-27T00:00:02.268231+00:00,7332,1185
2018-09-28T00:00:01.793645+00:00,7353,1187
2018-09-29T00:00:02.127001+00:00,7380,1188
2018-09-30T00:00:01.408844+00:00,7400,1190
2018-10-01T00:00:01.611096+00:00,7430,1191
2018-10-02T00:00:01.889976+00:00,7456,1191
2018-10-03T00:00:02.243252+00:00,7498,1198
2018-10-04T00:00:01.536892+00:00,7519,1199
2018-10-05T00:00:02.027137+00:00,7547,1200
2018-10-06T00:00:01.380281+00:00,7565,1201
2018-10-07T00:00:01.690306+00:00,7586,1203
2018-10-08T00:00:01.987042+00:00,7608,1206
2018-10-09T00:00:01.473170+00:00,7630,1208
2018-10-10T00:00:01.879926+00:00,7661,1209
2018-10-11T00:00:02.290636+00:00,7677,1209
2018-10-12T00:00:01.776284+00:00,7705,1210
2018-10-13T00:00:02.046808+00:00,7740,1210
2018-10-14T00:00:01.920398+00:00,7762,1210
2018-10-15T00:00:02.339989+00:00,7782,1211
2018-10-16T00:00:01.768969+00:00,7804,1212
2018-10-17T00:00:02.148083+00:00,7835,1218
2018-10-18T00:00:01.440386+00:00,7863,1218
2018-10-19T00:00:01.740304+00:00,7878,1220
2018-10-20T00:00:02.086653+00:00,7904,1223
2018-10-21T00:00:01.432073+00:00,7930,1223
2018-10-22T00:00:01.817082+00:00,7964,1224
2018-10-23T00:00:02.193947+00:00,7998,1228
2018-10-24T00:00:01.425103+00:00,8038,1234
2018-10-25T00:00:01.663624+00:00,8086,1236
2018-10-26T00:00:02.162388+00:00,8117,1237
2018-10-27T00:00:01.632714+00:00,8144,1239
2018-10-28T00:00:01.970408+00:00,8161,1241
2018-10-29T00:00:02.446431+00:00,8186,1243
2018-10-30T00:00:01.647325+00:00,8230,1246
2018-10-31T00:00:02.016217+00:00,8268,1248
2018-11-01T00:00:01.303197+00:00,8300,1251
2018-11-02T00:00:01.888955+00:00,8333,1255
2018-11-03T00:00:02.382482+00:00,8365,1254
2018-11-04T00:00:01.780910+00:00,8404,1260
2018-11-05T00:00:02.162528+00:00,8447,1262
2018-11-06T00:00:01.498945+00:00,8494,1264
2018-11-07T00:00:02.560323+00:00,8540,1267
2018-11-08T00:00:02.067650+00:00,8561,1267
2018-11-09T00:00:01.240686+00:00,8620,1269
2018-11-10T00:00:01.952258+00:00,8660,1274
2018-11-11T00:00:03.016224+00:00,8688,1274
2018-11-12T00:00:01.367262+00:00,8743,1278
2018-11-13T00:00:01.615697+00:00,8798,1283
2018-11-14T00:00:02.749376+00:00,8853,1283
2018-11-15T00:00:02.063562+00:00,8893,1286
2018-11-16T00:00:01.404060+00:00,8921,1287
2018-11-17T00:00:01.721446+00:00,8951,1292
2018-11-18T00:00:01.990428+00:00,8983,1291
2018-11-19T00:00:01.232362+00:00,9012,1295
2018-11-20T00:00:01.860413+00:00,9054,1296
2018-11-21T00:00:02.799544+00:00,9105,1298
2018-11-22T00:00:02.241186+00:00,9156,1300
2018-11-23T00:00:01.465875+00:00,9226,1308
2018-11-24T00:00:02.620463+00:00,9274,1314
2018-11-25T00:00:01.846823+00:00,9303,1317
2018-11-26T00:00:02.341476+00:00,9340,1318
2018-11-27T00:00:01.577064+00:00,9398,1318
2018-11-28T00:00:01.965260+00:00,9455,1321
2018-11-29T00:00:02.416286+00:00,9513,1325
2018-11-30T00:00:02.689584+00:00,9558,1327
2018-12-01T00:00:02.001490+00:00,9587,1328
2018-12-02T00:00:01.217293+00:00,9092,1329
2018-12-03T00:00:01.573458+00:00,9108,1328
2018-12-04T00:00:02.563953+00:00,9138,1332
2018-12-05T00:00:01.879262+00:00,9169,1338
2018-12-06T00:00:02.933017+00:00,9200,1341
2018-12-07T00:00:02.610859+00:00,9225,1344
2018-12-08T00:00:01.961136+00:00,9246,1345
2018-12-09T00:00:02.518616+00:00,9266,1345
2018-12-10T00:00:01.812550+00:00,9286,1345
2018-12-11T00:00:02.236634+00:00,9311,1347
2018-12-12T00:00:01.559193+00:00,9338,1349
2018-12-13T00:00:02.071378+00:00,9364,1351
2018-12-14T00:00:01.367053+00:00,9396,1353
2018-12-15T00:00:02.176810+00:00,9426,1357
2018-12-16T00:00:01.486189+00:00,9449,1359
2018-12-17T00:00:01.732266+00:00,9464,1360
2018-12-18T00:00:02.115512+00:00,9496,1362
2018-12-19T00:00:01.410847+00:00,9533,1364
2018-12-20T00:00:01.987200+00:00,9561,1365
2018-12-21T00:00:01.372862+00:00,9579,1368
2018-12-22T00:00:01.638662+00:00,9606,1369
2018-12-23T00:00:02.378340+00:00,9615,1369
2018-12-24T00:00:01.976562+00:00,9634,1371
2018-12-25T00:00:01.218213+00:00,9643,1372
2018-12-26T00:00:01.753141+00:00,9657,1372
2018-12-27T00:00:02.327869+00:00,9671,1373
2018-12-28T00:00:01.509926+00:00,9710,1377
2018-12-29T00:00:01.710472+00:00,9740,1379
2018-12-30T00:00:02.082488+00:00,9769,1380
2018-12-31T00:00:01.292080+00:00,9798,1381
2019-01-01T00:00:01.634614+00:00,9823,1384
2019-01-02T00:00:02.019705+00:00,9848,1389
2019-01-03T00:00:01.260528+00:00,9907,1391
2019-01-04T00:00:01.529613+00:00,9962,1396
2019-01-05T00:00:01.864721+00:00,10015,1402
2019-01-06T00:00:02.479365+00:00,10054,1406
2019-01-07T00:00:01.741375+00:00,10086,1409
2019-01-08T00:00:02.254684+00:00,10176,1414
2019-01-09T00:00:01.616162+00:00,10237,1420
2019-01-10T00:00:02.248397+00:00,10304,1423
2019-01-11T00:00:01.455503+00:00,10358,1427
2019-01-12T00:00:01.729027+00:00,10393,1428
2019-01-13T00:00:02.387701+00:00,10433,1432
2019-01-14T00:00:01.995891+00:00,10456,1437
2019-01-15T00:00:01.233607+00:00,10493,1440
2019-01-16T00:00:01.592593+00:00,10561,1443
2019-01-17T00:00:02.154643+00:00,10606,1447
2019-01-18T00:00:01.428815+00:00,10659,1447
2019-01-19T00:00:02.472386+00:00,10690,1449
2019-01-20T00:00:01.927321+00:00,10706,1451
2019-01-21T00:00:02.350973+00:00,10725,1451
2019-01-22T00:00:02.130439+00:00,10767,1453
2019-01-23T00:00:01.607329+00:00,10828,1459
2019-01-24T00:00:02.098559+00:00,10884,1462
2019-01-25T00:00:01.648779+00:00,10936,1462
2019-01-26T00:00:02.007691+00:00,10969,1463
2019-01-27T00:00:01.539730+00:00,11013,1467
2019-01-28T00:00:01.975151+00:00,11043,1469
2019-01-29T00:00:03.300846+00:00,11127,1474
2019-01-30T00:00:01.984117+00:00,11171,1477
2019-01-31T00:00:01.417485+00:00,11215,1479
2019-02-01T00:00:01.929872+00:00,11253,1479
2019-02-02T00:00:02.541276+00:00,11279,1480
2019-02-03T00:00:01.995537+00:00,11304,1482
2019-02-04T00:00:01.629518+00:00,11343,1485
2019-02-05T00:00:02.590606+00:00,11410,1489
2019-02-06T00:00:02.123544+00:00,11449,1490
2019-02-07T00:00:02.302369+00:00,11506,1492
2019-02-17T21:40:24.565732+00:00,11892,1515
2019-02-18T00:00:02.538479+00:00,11892,1515
2019-02-19T00:00:02.544838+00:00,11934,1525
2019-02-20T00:00:02.109401+00:00,12068,1567
2019-02-21T00:00:01.521455+00:00,12150,1591
2019-02-22T00:00:01.938566+00:00,12223,1597
2019-02-23T00:00:03.500692+00:00,12273,1600
2019-02-24T00:00:01.973110+00:00,12295,1603
2019-02-25T00:00:02.789184+00:00,12347,1607
2019-02-26T00:00:02.530156+00:00,12399,1609
2019-02-26T19:28:35.410047+00:00,12444,1612
2019-02-27T00:00:02.039443+00:00,12461,1612
2019-02-28T00:00:01.686326+00:00,12509,1615
2019-03-01T00:00:02.757165+00:00,12557,1619
2019-03-02T00:00:03.055073+00:00,12604,1622
2019-03-03T00:00:01.408180+00:00,12622,1623
2019-03-04T00:00:02.561089+00:00,12644,1625
2019-03-05T00:00:02.896670+00:00,12682,1626
2019-03-06T00:00:03.939239+00:00,12712,1628
2019-03-07T00:00:02.434580+00:00,12742,1628
2019-03-08T00:00:02.400533+00:00,12770,1630
2019-03-09T06:58:20.871922+00:00,12808,1632
2019-03-10T00:00:02.621910+00:00,12837,1632
2019-03-11T00:00:02.400061+00:00,12889,1635
2019-03-12T00:00:02.210860+00:00,12978,1640
2019-03-13T00:00:01.799180+00:00,13061,1647
2019-03-14T00:00:03.204106+00:00,13141,1650
2019-03-15T00:00:02.735718+00:00,13194,1655
2019-03-16T00:00:02.580286+00:00,13238,1656
2019-03-17T00:00:02.119788+00:00,13268,1660
2019-03-18T00:00:01.889841+00:00,13383,1663
2019-03-19T00:00:02.336697+00:00,13433,1666
2019-03-20T00:00:02.006704+00:00,13466,1671
2019-03-21T00:00:01.432456+00:00,13503,1674
2019-03-22T00:00:02.425825+00:00,13545,1678
2019-03-23T00:00:02.046294+00:00,13596,1681
2019-03-24T00:00:01.718334+00:00,13646,1683
2019-03-25T00:00:02.250103+00:00,13683,1686
2019-03-26T00:00:02.054405+00:00,13748,1688
2019-03-27T00:00:01.495834+00:00,13797,1690
2019-03-28T00:00:02.199668+00:00,13881,1695
2019-03-29T00:00:01.545690+00:00,13929,1697
2019-03-30T00:00:02.045843+00:00,13994,1700
2019-03-31T00:00:01.349957+00:00,14021,1703
2019-04-01T00:00:02.326093+00:00,14079,1702
2019-04-02T00:00:01.914384+00:00,14130,1703
2019-04-03T00:00:02.294443+00:00,14182,1708
2019-04-04T00:00:01.656600+00:00,14223,1710
2019-04-05T00:00:02.174871+00:00,14274,1709
2019-04-06T00:00:01.429913+00:00,14317,1711
2019-04-07T00:00:01.945214+00:00,14376,1711
2019-04-08T00:00:02.280084+00:00,14430,1716
2019-04-09T00:00:01.659382+00:00,14500,1719
2019-04-10T00:00:01.925858+00:00,14553,1723
2019-04-11T00:00:03.724159+00:00,14599,1724
2019-04-12T00:00:02.581630+00:00,14672,1729
2019-04-13T00:00:02.236286+00:00,14719,1729
2019-04-14T00:00:02.053917+00:00,14758,1730
2019-04-15T00:00:01.481992+00:00,14802,1731
2019-04-16T00:00:03.809108+00:00,14848,1733
2019-04-17T00:00:03.452458+00:00,14898,1739
2019-04-18T00:00:02.029286+00:00,14936,1739
2019-04-19T00:00:01.476148+00:00,14988,1742
2019-04-20T00:00:01.936856+00:00,15025,1747
2019-04-21T00:00:02.316531+00:00,15064,1750
2019-04-22T00:00:02.266605+00:00,15087,1753
2019-04-23T00:00:01.922338+00:00,15144,1756
2019-04-24T00:00:02.911084+00:00,15191,1759
2019-04-25T19:41:58.178088+00:00,15268,1760
2019-04-26T00:00:02.069676+00:00,15276,1761
2019-04-27T00:00:01.415727+00:00,15315,1763
2019-04-28T00:00:01.913158+00:00,15352,1763
2019-04-29T00:00:02.681201+00:00,15388,1764
2019-04-30T00:00:02.554041+00:00,15436,1766
2019-05-01T00:00:02.385529+00:00,15474,1769
2019-05-02T00:00:02.407736+00:00,15513,1773
2019-05-03T00:00:03.476763+00:00,15554,1777
2019-05-04T00:00:02.036029+00:00,15582,1781
2019-05-05T00:00:01.512406+00:00,15632,1781
2019-05-06T00:00:02.431362+00:00,15677,1782
2019-05-07T00:00:02.981732+00:00,15725,1784
2019-05-08T00:00:01.500134+00:00,15755,1785
2019-05-09T00:00:01.851996+00:00,15816,1788
2019-05-10T00:00:03.019615+00:00,15875,1791
2019-05-11T00:00:01.499149+00:00,15919,1791
2019-05-12T00:00:01.987231+00:00,15973,1791
2019-05-13T00:00:01.655240+00:00,16027,1793
2019-05-14T00:00:02.347707+00:00,16071,1798
2019-05-15T00:00:02.441425+00:00,16116,1800
2019-05-16T00:00:02.634786+00:00,16161,1802
2019-05-17T00:00:02.122886+00:00,16208,1803
2019-05-18T00:00:01.767916+00:00,16254,1805
2019-05-19T00:00:02.539544+00:00,16282,1806
2019-05-20T00:00:02.281319+00:00,16307,1808
2019-05-21T00:00:01.810762+00:00,16377,1811
2019-05-22T00:00:02.816690+00:00,16424,1814
2019-05-23T00:00:02.570814+00:00,16469,1815
2019-05-24T00:00:02.114121+00:00,16521,1818
2019-05-25T00:00:01.657815+00:00,16574,1821
2019-05-26T00:00:02.335202+00:00,16603,1822
2019-05-27T00:00:01.853850+00:00,16624,1824
2019-05-28T00:00:02.448563+00:00,16662,1824
2019-05-29T00:00:01.893403+00:00,16738,1826
2019-05-30T00:00:02.513900+00:00,16779,1830
2019-05-31T00:00:02.662736+00:00,16819,1831
2019-06-01T00:00:02.578151+00:00,16851,1832
2019-06-02T00:00:02.073858+00:00,16882,1832
2019-06-03T00:00:01.876211+00:00,16922,1834
2019-06-04T00:00:03.414151+00:00,16954,1836
2019-06-05T00:00:01.442120+00:00,17015,1839
2019-06-06T00:00:01.452321+00:00,17075,1841
2019-06-07T00:00:01.808390+00:00,17119,1844
2019-06-08T00:00:02.524248+00:00,17154,1844
2019-06-09T00:00:02.064127+00:00,17182,1844
2019-06-10T00:00:01.901685+00:00,17216,1843
2019-06-11T00:00:01.993763+00:00,17252,1844
2019-06-12T00:00:00.960264+00:00,17284,1846
2019-06-13T00:00:01.283541+00:00,17325,1846
2019-06-14T00:00:01.144206+00:00,17356,1850
2019-06-15T00:00:01.123090+00:00,17381,1850
2019-06-16T00:00:01.263467+00:00,17433,1850
2019-06-17T00:00:01.565074+00:00,17467,1853
2019-06-18T00:00:02.022081+00:00,17498,1854
2019-06-19T00:00:02.046273+00:00,17565,1858
2019-06-20T00:00:01.529585+00:00,17595,1862
2019-06-21T00:00:01.501232+00:00,17637,1862
2019-06-22T00:00:01.396849+00:00,17668,1865
2019-06-23T00:00:01.522137+00:00,17709,1866
2019-06-24T00:00:01.465519+00:00,17737,1866
2019-06-25T00:00:02.114254+00:00,17783,1866
2019-06-26T00:00:01.289511+00:00,17829,1866
2019-06-27T00:00:01.147977+00:00,17866,1868
2019-06-28T00:00:01.304229+00:00,17916,1869
2019-06-29T00:00:01.276250+00:00,17950,1870
2019-06-30T00:00:01.696309+00:00,17974,1870
2019-07-01T00:00:02.132059+00:00,18002,1871
2019-07-02T00:00:01.229248+00:00,18051,1872
2019-07-03T00:00:01.428096+00:00,18091,1875
2019-07-04T00:00:01.749875+00:00,18240,1880
2019-07-04T19:26:31.943417+00:00,18293,1881
2019-07-05T00:00:02.006625+00:00,18304,1881
2019-07-06T00:00:01.215952+00:00,18359,1883
2019-07-07T00:00:01.341671+00:00,18412,1885
2019-07-07T16:31:23.370959+00:00,18463,1896
2019-07-08T00:00:01.183807+00:00,18504,1902
2019-07-09T00:00:01.036063+00:00,18789,1929
2019-07-10T00:00:00.987058+00:00,19051,1945
2019-07-11T00:00:01.284035+00:00,19116,1958
2019-07-12T00:00:01.488793+00:00,19198,1963
2019-07-13T00:00:01.636124+00:00,19312,1968
2019-07-14T00:00:01.693804+00:00,19370,1973
2019-07-15T00:00:02.094654+00:00,19418,1976
2019-07-16T00:00:01.168259+00:00,19472,1983
2019-07-17T00:00:00.957529+00:00,19508,1990
2019-07-18T00:00:01.986291+00:00,19586,1994
2019-07-19T00:00:01.056000+00:00,19630,1993
2019-07-20T00:00:00.885129+00:00,19673,1996
2019-07-21T00:00:01.705696+00:00,19738,1997
2019-07-22T00:00:01.553339+00:00,19784,1999
2019-07-23T00:00:01.792369+00:00,19841,2004
2019-07-24T00:00:01.607860+00:00,19906,2005
2019-07-25T00:00:01.788672+00:00,19948,2006
2019-07-26T00:00:02.129708+00:00,19989,2010
2019-07-27T00:00:00.927896+00:00,20033,2012
2019-07-28T00:00:01.815387+00:00,20062,2013
2019-07-29T00:00:01.640070+00:00,20093,2014
2019-07-30T00:00:01.759367+00:00,20132,2016
2019-07-31T00:00:01.706258+00:00,20167,2018
2019-08-01T00:00:01.577072+00:00,20224,2021
2019-08-02T00:00:01.564211+00:00,20260,2022
2019-08-03T00:00:01.298663+00:00,20313,2022
2019-08-04T00:00:01.072615+00:00,20353,2023
2019-08-05T00:00:01.178446+00:00,20376,2024
2019-08-06T00:00:01.289183+00:00,20428,2025
2019-08-07T00:00:01.376457+00:00,20469,2027
2019-08-08T00:00:01.261686+00:00,20520,2028
2019-08-09T00:00:01.220965+00:00,20554,2029
2019-08-10T00:00:01.025864+00:00,20580,2030
2019-08-11T00:00:01.225295+00:00,20629,2031
2019-08-12T00:00:01.072894+00:00,20653,2031
2019-08-13T00:00:01.292436+00:00,20688,2034
2019-08-14T00:00:01.462406+00:00,20731,2037
2019-08-15T00:00:01.604851+00:00,20773,2039
2019-08-16T00:00:02.926490+00:00,20823,2042
2019-08-17T00:00:02.201379+00:00,20848,2042
2019-08-18T00:00:01.527582+00:00,20883,2044
2019-08-19T00:00:01.774496+00:00,20905,2045
2019-08-20T00:00:01.566913+00:00,20936,2048
2019-08-21T00:00:01.652068+00:00,20972,2050
2019-08-22T00:00:02.163520+00:00,21008,2053
2019-08-23T00:00:01.004233+00:00,21055,2053
2019-08-24T00:00:00.834124+00:00,21098,2054
2019-08-25T00:00:01.937226+00:00,21128,2054
2019-08-26T00:00:02.266132+00:00,21151,2054
2019-08-27T00:00:01.365612+00:00,21184,2057
2019-08-28T00:00:01.783462+00:00,21236,2061
2019-08-29T00:00:01.827078+00:00,21260,2061
2019-08-30T00:00:02.500021+00:00,21287,2062
2019-08-31T00:00:01.412553+00:00,21350,2065
2019-09-01T00:00:01.275556+00:00,21381,2066
2019-09-02T00:00:01.348260+00:00,21406,2067
2019-09-03T00:00:01.596954+00:00,21433,2069
2019-09-04T00:00:01.510939+00:00,21490,2073
2019-09-05T00:00:01.489058+00:00,21521,2073
2019-09-06T00:00:01.411587+00:00,21564,2075
2019-09-07T00:00:01.780470+00:00,21594,2079
2019-09-08T00:00:02.369666+00:00,21616,2079
2019-09-09T00:00:01.472030+00:00,21647,2078
2019-09-10T00:00:01.432968+00:00,21692,2083
2019-09-11T00:00:02.098474+00:00,21747,2087
2019-09-12T00:00:00.864005+00:00,21812,2091
2019-09-13T00:00:02.568800+00:00,21855,2094
2019-09-14T00:00:01.381121+00:00,21882,2096
2019-09-15T00:00:01.465317+00:00,21910,2100
2019-09-16T00:00:01.256873+00:00,21938,2104
2019-09-17T00:00:01.130498+00:00,22126,2107
2019-09-18T00:00:00.962438+00:00,22172,2113
2019-09-19T00:00:02.143443+00:00,22205,2115
2019-09-20T00:00:01.029209+00:00,22237,2117
2019-09-21T00:00:01.090469+00:00,22297,2126
2019-09-22T00:00:00.955894+00:00,22337,2128
2019-09-23T00:00:02.229061+00:00,22363,2130
2019-09-24T00:00:00.973741+00:00,22402,2131
2019-09-24T15:36:03.284812+00:00,22430,2133
2019-09-25T00:00:01.626239+00:00,22450,2134
2019-10-06T10:24:14.166697+00:00,23187,2195
2019-10-07T00:00:00.957487+00:00,23203,2196
2019-10-08T00:00:03.680136+00:00,23243,2199
2019-10-09T00:00:02.763392+00:00,23299,2200
2019-10-09T14:06:47.208198+00:00,23327,2203
2019-10-10T00:00:01.181996+00:00,23338,2204
2019-10-11T00:00:01.218637+00:00,23368,2204
2019-10-12T00:00:01.311375+00:00,23399,2206
2019-10-13T00:00:01.370599+00:00,23436,2208
2019-10-14T00:00:01.270457+00:00,23470,2209
2019-10-15T00:00:01.649745+00:00,23528,2212
2019-10-16T00:00:01.574196+00:00,23583,2215
2019-10-16T16:58:52.905731+00:00,23614,2217
2019-10-17T10:39:29.329962+00:00,23638,2221
2019-10-17T14:18:33.545049+00:00,23653,2222
2019-10-18T00:00:01.410184+00:00,23671,2222
2019-10-19T00:00:01.193883+00:00,23747,2234
2019-10-20T00:00:01.088357+00:00,23839,2243
2019-10-21T00:00:00.873117+00:00,23888,2249
2019-10-22T00:00:02.134749+00:00,23953,2269
2019-10-23T00:00:01.155652+00:00,24016,2270
2019-10-24T00:00:01.153723+00:00,24063,2275
2019-10-25T00:00:01.085713+00:00,24100,2280
2019-10-26T00:00:01.606690+00:00,24132,2281
2019-10-27T00:00:01.793619+00:00,24177,2287
2019-10-28T00:00:01.812475+00:00,24206,2292
2019-10-29T00:00:01.709091+00:00,24263,2296
2019-10-30T00:00:02.283932+00:00,24307,2300
2019-10-31T00:00:01.121937+00:00,24351,2302
2019-11-01T00:00:01.174749+00:00,24410,2312
2019-11-02T00:00:01.336039+00:00,24448,2315
2019-11-03T00:00:01.143498+00:00,24485,2318
2019-11-04T00:00:01.551466+00:00,24526,2320
2019-11-05T00:00:01.413105+00:00,24589,2322
2019-11-05T14:49:33.373752+00:00,24611,2322
2019-11-06T00:00:01.274360+00:00,24628,2322
2019-11-07T00:00:01.128641+00:00,24685,2322
2019-11-08T00:00:00.942193+00:00,24717,2323
2019-11-09T00:00:02.219089+00:00,24758,2333
2019-11-10T00:00:00.981383+00:00,24807,2336
2019-11-13T14:28:55.329404+00:00,25074,2348
2019-11-14T00:00:01.113579+00:00,25129,2348
2019-11-15T00:00:00.950883+00:00,25267,2359
2019-11-16T00:00:01.984381+00:00,25382,2362
2019-11-17T00:00:01.116197+00:00,25432,2363
2019-11-18T00:00:01.216638+00:00,25506,2364
2019-11-19T00:00:01.133307+00:00,25622,2367
2019-11-20T00:00:01.175123+00:00,25689,2369
2019-12-01T19:51:20.523765+00:00,26697,2398
2019-12-02T00:00:01.279328+00:00,26711,2398
2019-12-03T00:00:01.217792+00:00,26784,2398
2019-12-04T00:00:01.608218+00:00,26836,2399
2019-12-05T00:00:01.462517+00:00,26922,2400
2019-12-06T00:00:01.346537+00:00,27002,2401
2019-12-07T00:00:01.942191+00:00,27053,2402
2019-12-08T00:00:02.260082+00:00,27105,2404
2019-12-09T00:00:01.096041+00:00,27163,2406
2019-12-10T00:00:00.929105+00:00,27250,2408
2019-12-11T00:00:01.948723+00:00,27340,2408
2019-12-12T00:00:02.109044+00:00,27462,2409
2019-12-13T00:00:01.038316+00:00,27576,2411
2019-12-14T00:00:00.928685+00:00,27649,2413
2019-12-14T17:24:45.836974+00:00,27682,2414
2019-12-15T00:00:01.679752+00:00,27706,2415
2019-12-16T00:00:01.710847+00:00,27763,2419
2019-12-17T00:00:01.564094+00:00,27828,2418
2019-12-18T00:00:01.409176+00:00,27908,2418
2019-12-19T00:00:01.304015+00:00,27973,2419
2019-12-20T00:00:01.579642+00:00,28031,2421
2019-12-21T00:00:01.505664+00:00,28087,2423
2019-12-22T00:00:01.943986+00:00,28149,2424
2019-12-23T00:00:02.123331+00:00,28182,2424
2019-12-26T00:00:01.958782+00:00,28287,2432
2019-12-27T00:00:01.872942+00:00,28334,2436
2019-12-28T00:00:01.800435+00:00,28370,2438
2019-12-29T00:00:01.797551+00:00,28414,2444
2019-12-30T00:00:01.866221+00:00,28459,2446
2019-12-31T00:00:01.871812+00:00,28499,2447
2020-01-01T00:00:01.829623+00:00,28530,2451
2020-01-02T00:00:01.764672+00:00,28598,2453
2020-01-03T00:00:02.165434+00:00,28663,2455
2020-01-04T00:00:01.137799+00:00,28849,2462
2020-01-05T00:00:01.189661+00:00,28921,2463
2020-01-06T00:00:01.915719+00:00,28956,2463
2020-01-07T00:00:01.969678+00:00,29023,2468
2020-01-08T00:00:02.215438+00:00,29106,2472
2020-01-09T00:00:01.434016+00:00,29164,2474
2020-01-10T00:00:01.504232+00:00,29227,2477
2020-01-11T00:00:01.829120+00:00,29288,2481
2020-01-12T00:00:01.864555+00:00,29334,2480
2020-01-13T00:00:02.142249+00:00,29404,2481
2020-01-14T00:00:01.460903+00:00,29478,2485
2020-01-15T00:00:01.807061+00:00,29531,2488
2020-01-16T00:00:02.007612+00:00,29594,2491
2020-01-17T00:00:01.040815+00:00,29644,2493
2020-01-18T00:00:02.210316+00:00,29823,2495
2020-01-19T00:00:01.888399+00:00,29858,2498
2020-01-20T00:00:03.064703+00:00,29888,2500
2020-01-21T00:00:01.570565+00:00,29936,2500
2020-01-22T00:00:01.579722+00:00,30020,2498
2020-01-23T00:00:03.524946+00:00,30426,2517
2020-01-24T00:00:01.536653+00:00,30613,2526
2020-01-25T00:00:01.809300+00:00,30691,2529
2020-01-26T00:00:01.945589+00:00,30776,2532
2020-01-27T00:00:01.946205+00:00,30823,2532
2020-01-28T00:00:02.171257+00:00,30918,2539
2020-01-29T00:00:01.099186+00:00,31003,2542
2020-01-30T00:00:01.160540+00:00,31093,2550
2020-01-31T00:00:01.464431+00:00,31165,2552
2020-02-01T00:00:01.993492+00:00,31257,2552
2020-02-02T00:00:01.236567+00:00,31302,2556
2020-02-03T00:00:01.354121+00:00,31441,2556
2020-02-04T00:00:01.546858+00:00,31548,2557
2020-02-05T00:00:01.941601+00:00,31619,2559
2020-02-06T00:00:02.018218+00:00,31705,2559
2020-02-07T00:00:01.264068+00:00,31797,2561
2020-02-08T00:00:01.361841+00:00,31855,2564
2020-02-09T00:00:01.525238+00:00,31897,2565
2020-02-10T00:00:01.783033+00:00,31944,2567
2020-02-11T00:00:02.126973+00:00,32045,2569
2020-02-12T00:00:01.050853+00:00,32134,2574
2020-02-13T00:00:01.237293+00:00,32188,2573
2020-02-14T00:00:01.149312+00:00,32285,2574
2020-02-15T00:00:01.310451+00:00,32364,2577
2020-02-16T00:00:01.387639+00:00,32457,2578
2020-02-17T00:00:01.613950+00:00,32492,2579
2020-02-18T00:00:02.037250+00:00,32580,2581
2020-02-19T00:00:01.091261+00:00,32667,2583
2020-02-20T00:00:01.273645+00:00,32740,2584
2020-02-21T00:00:01.125400+00:00,32803,2591
2020-02-22T00:00:01.033826+00:00,32843,2593
2020-02-23T00:00:00.900998+00:00,32890,2594
2020-02-24T00:00:02.035037+00:00,32926,2595
2020-02-25T00:00:01.208714+00:00,32995,2598
2020-02-26T00:00:01.219002+00:00,33061,2601
2020-02-27T00:00:01.095009+00:00,33139,2602
2020-02-28T00:00:01.250002+00:00,33209,2604
2020-02-29T00:00:01.800102+00:00,33281,2610
2020-03-01T00:00:01.772749+00:00,33342,2618
2020-03-02T00:00:01.614034+00:00,33392,2623
2020-03-03T00:00:02.111337+00:00,33476,2633
2020-03-04T00:00:01.279881+00:00,33537,2641
2020-03-05T00:00:01.304721+00:00,33604,2646
2020-03-06T00:00:01.313052+00:00,33657,2649
2020-03-07T00:00:01.247591+00:00,33726,2657
2020-03-08T00:00:01.450912+00:00,33768,2662
2020-03-09T00:00:01.351923+00:00,33813,2667
2020-03-10T00:00:01.863980+00:00,33889,2672
2020-03-11T00:00:01.829694+00:00,33944,2674
2020-03-12T00:00:01.679436+00:00,34026,2681
2020-03-13T00:00:01.632361+00:00,34101,2685
2020-03-14T00:00:01.964809+00:00,34164,2687
2020-03-15T00:00:00.797542+00:00,34221,2692
2020-03-16T00:00:01.866661+00:00,34275,2695
2020-03-17T00:00:02.383392+00:00,34391,2699
2020-03-18T00:00:01.391275+00:00,34499,2708
2020-03-19T00:00:01.300478+00:00,34620,2709
2020-03-20T00:00:01.648156+00:00,34787,2715
2020-03-21T00:00:02.686319+00:00,34953,2725
2020-03-22T00:00:02.710888+00:00,35083,2735
2020-03-23T00:00:02.131811+00:00,35264,2743
2020-03-24T00:00:01.309359+00:00,35497,2756
2020-03-25T00:00:01.261791+00:00,35831,2762
2020-03-26T00:00:01.243111+00:00,36049,2773
2020-03-28T00:00:01.491842+00:00,36457,2788
2020-03-29T00:09:21.531749+00:00,36660,2796
2020-03-30T00:09:16.149303+00:00,36784,2799
2020-03-31T00:09:30.151262+00:00,36977,2805
2020-04-01T00:09:08.983401+00:00,37147,2813
2020-04-02T00:09:03.740888+00:00,37298,2819
2020-04-03T00:09:11.307192+00:00,37523,2821
2020-04-04T00:09:06.263544+00:00,37741,2832
2020-04-05T00:08:16.632121+00:00,37842,2850
2020-04-06T00:08:12.224336+00:00,37944,2863
2020-04-07T00:09:09.722558+00:00,38099,2871
2020-04-08T00:09:01.249077+00:00,38240,2875
2020-04-09T00:09:43.935657+00:00,38336,2878
2020-04-10T00:09:40.653866+00:00,38461,2882
2020-04-11T00:08:31.512218+00:00,38552,2889
2020-04-12T00:08:47.290645+00:00,38653,2896
2020-04-13T00:08:26.607795+00:00,38730,2899
2020-04-14T00:20:09.650132+00:00,38880,2912
2020-04-15T00:10:11.841162+00:00,39013,2921
2020-04-16T00:09:00.330957+00:00,39146,2928
2020-04-17T00:12:01.748152+00:00,39269,2932
2020-04-18T00:08:56.407632+00:00,39395,2940
2020-04-19T00:08:44.797118+00:00,39518,2944
2020-04-20T00:08:34.039957+00:00,39610,2952
2020-04-21T00:09:10.255476+00:00,39743,2957
2020-04-22T00:08:41.473661+00:00,39892,2964
2020-04-23T00:08:33.780590+00:00,40022,2969
2020-04-24T00:09:01.523171+00:00,40172,2970
2020-04-25T00:10:10.526092+00:00,40271,2975
2020-04-26T00:09:07.603538+00:00,40358,2979
2020-04-27T00:09:20.232446+00:00,40451,2984
2020-04-28T00:10:45.790420+00:00,40581,2987
2020-04-29T00:15:37.086671+00:00,40681,2991
2020-04-30T00:08:55.812432+00:00,40783,2995
2020-05-01T00:10:44.389116+00:00,40872,2994
2020-05-02T00:10:12.150451+00:00,40974,2996
2020-05-03T00:10:48.372851+00:00,41070,3000
2020-05-04T00:10:02.085555+00:00,41175,3003
2020-05-06T00:17:21.831789+00:00,41426,3014
2020-05-07T00:17:03.760524+00:00,41543,3018
2020-05-08T00:20:13.024050+00:00,41728,3025
2020-05-09T00:16:39.799876+00:00,41858,3027
2020-05-10T00:10:18.378852+00:00,41968,3035
2020-05-11T00:10:43.896360+00:00,42092,3040
2020-05-12T00:19:40.210433+00:00,42331,3055
2020-05-13T00:28:26.435334+00:00,42551,3066
2020-05-14T00:20:47.308822+00:00,42816,3070
2020-05-15T00:15:59.977331+00:00,43001,3076
2020-05-16T00:11:24.297478+00:00,43183,3082
2020-05-17T00:11:18.924729+00:00,43305,3087
2020-05-18T00:11:20.186482+00:00,43436,3089
2020-05-19T00:12:42.836324+00:00,43567,3096
2020-05-20T00:15:45.250265+00:00,43711,3100
2020-05-21T00:11:11.899390+00:00,43852,3102
2020-05-22T00:13:58.463110+00:00,43986,3107
2020-05-23T00:20:44.696655+00:00,44116,3110
2020-05-24T00:22:06.336161+00:00,44208,3116
2020-05-25T00:21:18.789353+00:00,44294,3121
2020-05-26T00:21:16.929127+00:00,44406,3131
2020-05-27T00:21:46.306360+00:00,44545,3137
2020-05-28T00:24:41.594849+00:00,44664,3145
2020-05-29T00:17:16.107419+00:00,44796,3162
2020-05-30T00:16:58.418669+00:00,44902,3168
2020-05-31T00:18:00.054525+00:00,44997,3176
2020-06-01T00:18:04.348113+00:00,45078,3180
2020-06-02T00:17:31.097081+00:00,45226,3189
2020-06-03T00:17:41.330485+00:00,45422,3198
2020-06-04T00:17:24.190865+00:00,45560,3204
2020-06-05T00:18:08.309877+00:00,45697,3213
2020-06-06T00:17:39.575773+00:00,45836,3220
2020-06-07T00:18:42.097663+00:00,45910,3224
2020-06-08T00:18:00.436735+00:00,45986,3227
2020-06-09T00:17:44.719418+00:00,46113,3235
2020-06-10T00:18:12.199917+00:00,46230,3240
2020-06-11T00:17:53.440266+00:00,46456,3250
2020-06-12T00:18:30.047393+00:00,46586,3255
2020-06-13T00:18:29.521240+00:00,46713,3263
2020-06-14T00:18:57.949983+00:00,46804,3266
2020-06-15T00:18:19.936457+00:00,46863,3270
2020-06-16T00:18:25.924455+00:00,47000,3278
2020-06-17T00:18:15.469297+00:00,47122,3286
2020-06-18T00:18:34.262963+00:00,47268,3290
2020-06-19T00:18:33.018982+00:00,47378,3292
2020-06-20T00:18:47.380941+00:00,47476,3292
2020-06-21T00:19:26.424711+00:00,47561,3293
2020-06-22T00:18:52.622102+00:00,47652,3294
2020-06-23T00:18:22.850413+00:00,47787,3300
2020-06-24T00:18:24.737571+00:00,47894,3304
2020-06-25T00:19:05.032662+00:00,48007,3309
2020-06-26T00:19:15.827414+00:00,48123,3312
2020-06-27T00:19:07.902002+00:00,48215,3313
2020-06-28T00:20:00.118120+00:00,48282,3315
2020-06-29T00:19:37.575368+00:00,48379,3325
2020-06-30T00:19:11.824080+00:00,48482,3330
2020-07-01T00:23:59.710247+00:00,48585,3332
2020-07-02T00:23:14.952013+00:00,48709,3339
2020-07-03T00:23:26.769034+00:00,48849,3341
2020-07-04T00:23:30.885378+00:00,48949,3345
2020-07-05T00:24:26.610961+00:00,49025,3350
2020-07-06T00:23:52.730737+00:00,49115,3353
2020-07-07T00:23:53.659305+00:00,49251,3355
2020-07-08T00:23:41.173024+00:00,49346,3359
2020-07-09T00:24:01.423439+00:00,49468,3368
2020-07-10T00:24:08.489662+00:00,49576,3370
2020-07-11T00:24:07.642324+00:00,49673,3378
2020-07-12T00:24:51.132394+00:00,49754,3380
2020-07-13T00:24:56.941996+00:00,49841,3383
2020-07-14T00:24:15.816015+00:00,49929,3384
2020-07-15T00:24:38.203433+00:00,50050,3388
2020-07-16T00:24:39.498252+00:00,50158,3393
2020-07-17T00:24:54.535856+00:00,50274,3398
2020-07-18T00:24:45.150931+00:00,50361,3399
2020-07-19T00:26:07.072887+00:00,50430,3403
2020-07-20T00:25:38.382477+00:00,50520,3405
2020-07-21T00:25:35.409680+00:00,50650,3408
2020-07-22T00:25:08.266848+00:00,50765,3409
2020-07-23T00:25:25.005516+00:00,50846,3410
2020-07-24T00:26:08.693758+00:00,50965,3414
2020-07-25T00:25:56.923865+00:00,51108,3417
2020-07-26T00:26:41.401809+00:00,51197,3421
2020-07-27T00:26:39.118179+00:00,51293,3423
2020-07-28T00:26:10.494776+00:00,51407,3425
2020-07-29T00:25:15.945642+00:00,51503,3426
2020-07-30T00:26:50.837244+00:00,51577,3429
2020-07-31T00:27:31.228502+00:00,51660,3436
2020-08-01T00:27:36.985966+00:00,51773,3443
2020-08-02T00:28:09.086466+00:00,51880,3444
2020-08-03T00:27:56.443771+00:00,51983,3446
2020-08-04T00:27:36.466142+00:00,52117,3451
2020-08-05T00:27:39.480290+00:00,52262,3458
2020-08-06T00:27:44.223375+00:00,52383,3459
2020-08-07T00:28:40.225146+00:00,52503,3461
2020-08-08T00:27:58.112491+00:00,52617,3462
2020-08-09T00:29:28.095278+00:00,52723,3463
2020-08-10T00:29:13.914971+00:00,52848,3468
2020-08-11T00:28:34.069313+00:00,52975,3469
2020-08-12T00:28:33.436003+00:00,53090,3476
2020-08-13T00:28:39.511834+00:00,53198,3480
2020-08-14T00:29:03.731299+00:00,53368,3485
2020-08-15T00:28:43.653427+00:00,53552,3488
2020-08-16T00:30:23.916127+00:00,53639,3493
2020-08-17T00:30:21.076328+00:00,53723,3500
2020-08-18T00:29:30.808162+00:00,53840,3505
2020-08-19T00:29:29.134474+00:00,53939,3508
2020-08-20T00:29:32.650597+00:00,54020,3511
2020-08-21T00:30:12.403312+00:00,54122,3514
2020-08-22T00:30:20.015313+00:00,54212,3515
2020-08-23T00:31:22.195928+00:00,54284,3517
2020-08-24T00:31:02.267565+00:00,54377,3519
2020-08-25T00:30:40.999396+00:00,54501,3523
2020-08-26T00:30:28.475879+00:00,54607,3525
2020-08-27T00:31:00.496936+00:00,54707,3533
2020-08-28T00:34:13.312691+00:00,54812,3537
2020-08-29T00:18:55.261369+00:00,54943,3542
2020-08-30T00:20:42.053396+00:00,55049,3551
2020-08-31T00:20:20.531477+00:00,55138,3552
2020-09-01T00:34:38.882415+00:00,55319,3574
2020-09-02T00:32:08.074993+00:00,55465,3580
2020-09-03T00:33:37.413375+00:00,55588,3583
2020-09-04T00:34:07.010351+00:00,55714,3589
2020-09-05T00:59:31.882390+00:00,55821,3590
2020-09-06T00:35:25.804135+00:00,55901,3592
2020-09-07T00:35:08.547217+00:00,55989,3599
2020-09-08T00:34:39.953614+00:00,56127,3607
2020-09-09T00:34:46.870132+00:00,56252,3613
2020-09-10T00:32:58.196602+00:00,56374,3618
2020-09-11T00:34:09.211294+00:00,56487,3620
2020-09-12T00:34:13.452717+00:00,56615,3625
2020-09-13T00:35:59.910503+00:00,56692,3628
2020-09-14T00:35:14.142044+00:00,56791,3636
2020-09-15T00:35:00.673152+00:00,56938,3646
2020-09-16T00:34:54.711977+00:00,57053,3654
2020-09-17T00:35:24.099941+00:00,57151,3656
2020-09-19T00:35:41.185742+00:00,57323,3660
2020-09-20T00:37:16.015216+00:00,57389,3661
2020-09-21T00:36:37.095148+00:00,57472,3662
2020-09-22T00:36:10.822731+00:00,57608,3667
2020-09-23T00:36:02.817756+00:00,57747,3669
2020-09-24T00:37:19.494401+00:00,57878,3674
2020-09-25T00:36:48.169572+00:00,57970,3678
2020-09-26T00:36:13.891846+00:00,58062,3683
2020-09-27T00:38:39.442476+00:00,58130,3688
2020-09-28T00:37:46.969649+00:00,58223,3691
2020-09-29T00:37:31.051192+00:00,58355,3698
2020-09-30T00:37:35.245281+00:00,58477,3705
2020-10-01T00:38:50.112310+00:00,58618,3709
2020-10-02T00:37:01.452869+00:00,58751,3715
2020-10-03T00:37:43.694057+00:00,58832,3715
2020-10-04T00:40:02.824928+00:00,58896,3721
2020-10-05T00:39:21.463447+00:00,58982,3725
2020-10-06T00:38:47.548833+00:00,59095,3728
2020-10-07T00:39:12.479137+00:00,59235,3729
2020-10-08T00:32:44.928727+00:00,59361,3734
2020-10-09T00:39:22.463460+00:00,59490,3737
2020-10-10T00:39:42.353961+00:00,59610,3748
2020-10-11T00:41:44.099287+00:00,59712,3747
2020-10-12T00:40:54.948649+00:00,59820,3756
2020-10-13T00:40:59.737038+00:00,59939,3767
2020-10-14T00:40:52.227266+00:00,60071,3773
2020-10-15T00:41:24.130579+00:00,60171,3776
2020-10-16T00:41:58.713579+00:00,60294,3781
2020-10-17T00:41:55.078354+00:00,60396,3789
2020-10-18T00:43:43.511102+00:00,60479,3791
2020-10-19T00:43:03.980872+00:00,60586,3794
2020-10-20T00:42:45.347852+00:00,60733,3802
2020-10-21T00:43:00.991965+00:00,60848,3807
2020-10-22T00:43:41.755035+00:00,60969,3813
2020-10-23T00:44:08.407911+00:00,61104,3817
2020-10-24T00:43:53.880988+00:00,61205,3822
2020-10-25T00:46:04.391925+00:00,61276,3825
2020-10-26T00:45:24.038414+00:00,61338,3825
2020-10-27T00:44:52.918330+00:00,61468,3828
2020-10-28T00:45:28.663875+00:00,61623,3835
2020-10-29T00:46:24.523787+00:00,61724,3836
2020-10-30T00:27:13.772283+00:00,61845,3841
2020-10-31T00:25:39.630193+00:00,61935,3845
2020-11-01T00:28:56.280276+00:00,61996,3848
2020-11-02T00:27:34.299166+00:00,62076,3849
2020-11-03T00:27:45.030999+00:00,62211,3857
2020-11-04T00:27:53.355308+00:00,62343,3862
2020-11-05T00:28:45.058565+00:00,62466,3868
2020-11-06T00:29:23.885550+00:00,62617,3877
2020-11-07T00:29:32.518668+00:00,62744,3882
2020-11-08T00:31:24.064652+00:00,62835,3879
2020-11-09T00:31:32.030449+00:00,62942,3883
2020-11-10T00:31:22.472522+00:00,63076,3888
2020-11-11T00:24:13.216130+00:00,63236,3890
2020-11-12T00:27:58.907804+00:00,63368,3894
2020-11-13T00:27:26.017603+00:00,63489,3897
2020-11-14T00:28:19.248533+00:00,63585,3901
2020-11-15T00:30:09.828747+00:00,63686,3905
2020-11-16T00:30:07.261036+00:00,63833,3908
2020-11-17T00:29:35.727268+00:00,63952,3913
2020-11-18T00:29:55.550809+00:00,64094,3916
2020-11-19T00:30:12.083478+00:00,64215,3925
2020-11-20T00:30:38.562616+00:00,64330,3926
2020-11-21T00:30:46.150619+00:00,64427,3930
2020-11-22T00:32:41.270083+00:00,64516,3933
2020-11-23T00:32:07.230079+00:00,64605,3934
2020-11-24T00:31:50.955514+00:00,64744,3940
2020-11-24T13:48:51.887891+00:00,64875,3948
2020-11-24T15:47:11.295673+00:00,64921,3955
2020-11-24T15:54:08.142192+00:00,64923,3956
2020-11-25T00:32:04.250505+00:00,65299,3979
2020-11-25T10:07:08.817562+00:00,65646,4002
2020-11-25T11:08:07.364372+00:00,65673,4003
2020-11-25T12:10:08.287975+00:00,65686,4003
2020-11-25T16:22:54.823989+00:00,65804,4005
2020-11-25T18:11:33.742851+00:00,65837,4006
2020-11-26T00:26:40.378997+00:00,65993,4012
2020-11-26T06:12:04.775739+00:00,66142,4014
2020-11-26T09:50:54.078762+00:00,66208,4016
2020-11-26T12:13:07.293459+00:00,66262,4021
2020-11-26T18:10:25.270944+00:00,66398,4024
2020-11-27T00:28:00.663243+00:00,66563,4025
2020-11-27T06:12:02.584750+00:00,66678,4027
2020-11-27T12:13:55.303762+00:00,66776,4027
2020-11-27T18:10:23.699511+00:00,66841,4030
2020-11-28T00:28:03.151815+00:00,66863,4030
2020-11-28T06:11:59.372556+00:00,66887,4032
2020-11-28T12:13:19.174724+00:00,66928,4034
2020-11-28T18:10:31.307041+00:00,66976,4035
2020-11-29T00:29:44.162854+00:00,67014,4035
2020-11-29T06:12:02.942675+00:00,67036,4036
2020-11-29T12:13:45.995044+00:00,67070,4036
2020-11-29T18:10:13.697099+00:00,67120,4038
2020-11-30T00:29:29.852078+00:00,67165,4040
2020-11-30T06:12:20.571184+00:00,67203,4042
2020-11-30T12:14:31.539720+00:00,67267,4043
2020-11-30T18:11:11.162791+00:00,67353,4048
2020-12-01T00:29:50.006347+00:00,67408,4050
2020-12-01T06:12:32.249974+00:00,67437,4051
2020-12-01T12:14:36.600994+00:00,67491,4053
2020-12-01T21:00:28.305556+00:00,67563,4059
2020-12-02T00:29:08.626018+00:00,67589,4058
2020-12-02T06:12:31.864241+00:00,67622,4062
2020-12-02T12:14:57.932662+00:00,67678,4062
2020-12-02T18:10:43.923477+00:00,67737,4063
2020-12-03T00:29:08.858411+00:00,67774,4063
2020-12-03T06:12:11.010608+00:00,67806,4066
2020-12-03T12:14:39.519273+00:00,67838,4071
2020-12-03T18:11:30.687805+00:00,67892,4072
2020-12-04T00:29:16.682592+00:00,67923,4075
2020-12-04T06:13:09.040399+00:00,67965,4078
2020-12-04T12:15:59.485571+00:00,68001,4078
2020-12-04T18:11:39.250532+00:00,68046,4079
2020-12-05T00:29:44.377393+00:00,68083,4080
2020-12-05T06:13:02.074973+00:00,68108,4081
2020-12-05T12:14:38.072654+00:00,68149,4083
2020-12-05T18:11:29.315333+00:00,68199,4084
2020-12-06T00:31:40.400987+00:00,68237,4085
2020-12-06T06:13:28.787045+00:00,68293,4086
2020-12-06T12:14:56.963762+00:00,68333,4088
2020-12-06T18:11:34.647716+00:00,68383,4088
2020-12-07T00:31:17.905078+00:00,68428,4088
2020-12-07T06:13:54.249891+00:00,68450,4088
2020-12-07T12:15:34.767383+00:00,68491,4089
2020-12-07T18:11:57.341605+00:00,68532,4090
2020-12-08T00:30:40.636597+00:00,68586,4090
2020-12-08T06:14:01.646803+00:00,68616,4092
2020-12-08T12:15:35.928276+00:00,68658,4093
2020-12-08T18:12:27.224220+00:00,68714,4097
2020-12-09T00:31:10.569577+00:00,68742,4098
2020-12-09T06:13:55.532146+00:00,68766,4099
2020-12-09T12:15:57.260665+00:00,68810,4101
2020-12-09T18:12:02.592436+00:00,68851,4102
2020-12-10T00:31:43.142386+00:00,68895,4103
2020-12-10T06:14:07.588546+00:00,69016,4103
2020-12-10T12:16:05.677138+00:00,69057,4106
2020-12-10T18:12:19.790320+00:00,69111,4107
2020-12-11T00:31:54.260314+00:00,69150,4110
2020-12-11T06:14:00.670596+00:00,69176,4110
2020-12-11T12:15:49.665213+00:00,69216,4112
2020-12-11T18:12:09.656277+00:00,69255,4117
2020-12-12T00:31:39.012912+00:00,69289,4118
2020-12-12T06:13:48.776079+00:00,69310,4119
2020-12-12T12:15:45.585643+00:00,69327,4119
2020-12-12T18:12:25.872735+00:00,69363,4120
2020-12-13T00:33:20.680557+00:00,69387,4120
2020-12-13T06:14:10.168602+00:00,69401,4120
2020-12-13T12:15:55.739121+00:00,69430,4120
2020-12-13T18:12:02.995366+00:00,69464,4120
2020-12-14T00:32:34.369259+00:00,69497,4123
2020-12-14T06:14:16.291608+00:00,69515,4127
2020-12-14T12:16:30.134397+00:00,69545,4127
2020-12-14T18:11:11.979749+00:00,69609,4130
2020-12-15T00:31:17.703398+00:00,69679,4133
2020-12-15T06:14:35.547217+00:00,69714,4135
2020-12-15T12:16:27.157491+00:00,69752,4137
2020-12-15T18:12:35.387445+00:00,69818,4139
2020-12-16T00:32:22.705257+00:00,69853,4141
2020-12-16T06:14:45.883120+00:00,69878,4144
2020-12-16T12:16:50.419115+00:00,69915,4143
2020-12-16T18:12:08.448286+00:00,69965,4144
2020-12-17T00:34:26.056091+00:00,69994,4144
2020-12-17T06:14:53.973426+00:00,70018,4147
2020-12-17T12:17:29.085167+00:00,70047,4148
2020-12-17T18:13:40.107834+00:00,70077,4149
2020-12-18T00:33:38.356961+00:00,70126,4151
2020-12-18T06:15:41.975060+00:00,70149,4151
2020-12-18T12:17:58.723334+00:00,70209,4152
2020-12-18T18:20:05.471862+00:00,70254,4156
2020-12-19T00:33:32.226807+00:00,70282,4157
2020-12-19T06:15:31.643766+00:00,70300,4158
2020-12-19T12:17:31.375912+00:00,70325,4160
2020-12-19T18:16:28.578053+00:00,70357,4160
2020-12-20T00:34:18.921817+00:00,70392,4161
2020-12-20T06:14:44.324022+00:00,70418,4161
2020-12-20T12:17:33.199202+00:00,70448,4162
2020-12-20T18:16:59.924673+00:00,70484,4163
2020-12-21T00:36:17.116352+00:00,70510,4165
2020-12-21T06:15:44.779070+00:00,70534,4168
2020-12-21T12:18:11.050395+00:00,70566,4169
2020-12-21T18:20:24.228988+00:00,70621,4171
2020-12-22T00:37:41.128537+00:00,70667,4171
2020-12-22T06:17:49.563190+00:00,70689,4171
2020-12-22T12:20:36.621145+00:00,70735,4172
2020-12-22T18:24:39.997735+00:00,70777,4173
2020-12-23T00:39:12.298449+00:00,70813,4173
2020-12-23T06:17:56.528573+00:00,70834,4174
2020-12-23T12:20:27.243171+00:00,70862,4174
2020-12-23T18:29:51.206825+00:00,70899,4174
2020-12-24T00:42:22.821733+00:00,70920,4175
2020-12-24T06:19:00.359882+00:00,70942,4175
2020-12-24T12:20:27.748323+00:00,70979,4177
2020-12-24T18:31:14.842319+00:00,71006,4176
2020-12-25T00:39:50.274828+00:00,71026,4176
2020-12-25T06:15:56.638009+00:00,71037,4178
2020-12-25T12:18:25.355569+00:00,71069,4179
2020-12-25T18:25:49.410430+00:00,71108,4183
2020-12-26T00:38:34.595929+00:00,71132,4183
2020-12-26T06:15:47.762914+00:00,71175,4187
2020-12-26T12:18:06.650902+00:00,71207,4186
2020-12-26T18:26:03.924321+00:00,71249,4193
2020-12-27T00:41:03.437186+00:00,71275,4194
2020-12-27T06:15:34.423575+00:00,71321,4197
2020-12-27T12:18:11.121916+00:00,71355,4197
2020-12-27T18:27:29.963027+00:00,71383,4199
2020-12-28T00:41:06.676330+00:00,71415,4201
2020-12-28T06:16:51.031621+00:00,71448,4202
2020-12-28T12:18:49.559224+00:00,71497,4202
2020-12-28T18:31:42.724538+00:00,71543,4204
2020-12-29T00:42:39.410564+00:00,71586,4205
2020-12-29T06:18:21.178299+00:00,71613,4206
2020-12-29T12:19:52.042834+00:00,71660,4209
2020-12-29T18:37:18.459537+00:00,71695,4211
2020-12-30T00:43:26.196446+00:00,71736,4212
2020-12-30T06:17:57.093431+00:00,71759,4212
2020-12-30T12:19:23.233312+00:00,71798,4215
2020-12-30T18:37:08.656415+00:00,71837,4215
2020-12-31T00:45:15.261348+00:00,71866,4217
2020-12-31T06:21:13.337404+00:00,71880,4218
2020-12-31T12:22:15.841344+00:00,71902,4219
2020-12-31T18:40:07.168019+00:00,71942,4221
2021-01-01T00:45:41.551913+00:00,71966,4221
2021-01-01T06:18:56.962530+00:00,71987,4222
2021-01-01T12:20:27.234636+00:00,72021,4224
2021-01-01T18:35:29.261839+00:00,72065,4224
2021-01-02T00:44:14.160315+00:00,72106,4228
2021-01-02T06:19:14.568486+00:00,72135,4230
2021-01-02T12:18:49.630079+00:00,72164,4231
2021-01-02T18:34:08.420729+00:00,72210,4235
2021-01-03T00:46:17.061709+00:00,72252,4237
2021-01-03T06:19:38.069994+00:00,72273,4237
2021-01-03T12:19:41.640102+00:00,72309,4237
2021-01-03T18:34:37.629986+00:00,72348,4239
2021-01-04T00:47:09.828563+00:00,72405,4243
2021-01-04T06:21:21.587336+00:00,72448,4245
2021-01-04T12:21:11.415934+00:00,72502,4245
2021-01-04T18:36:55.950019+00:00,72567,4247
2021-01-05T00:46:55.125166+00:00,72616,4248
2021-01-05T06:21:55.403274+00:00,72648,4248
2021-01-05T12:21:07.926382+00:00,72706,4252
2021-01-05T18:37:28.932591+00:00,72774,4255
2021-01-06T00:47:00.330751+00:00,72819,4258
2021-01-06T06:21:56.556540+00:00,72852,4258
2021-01-06T12:21:27.315956+00:00,72896,4261
2021-01-06T18:38:44.604825+00:00,72949,4265
2021-01-07T00:50:33.997321+00:00,72976,4266
2021-01-07T06:23:29.861072+00:00,73005,4266
2021-01-07T12:21:53.053426+00:00,73040,4266
2021-01-07T18:38:58.857324+00:00,73108,4266
2021-01-08T00:49:50.888477+00:00,73147,4267
2021-01-08T06:24:53.582683+00:00,73173,4267
2021-01-08T12:24:11.029261+00:00,73222,4271
2021-01-08T18:36:08.739232+00:00,73274,4271
2021-01-09T00:50:06.940709+00:00,73306,4271
2021-01-09T06:26:19.587282+00:00,73328,4272
2021-01-09T12:24:46.018945+00:00,73360,4274
2021-01-09T18:39:33.002292+00:00,73408,4275
2021-01-10T00:53:09.006432+00:00,73450,4277
2021-01-10T06:28:23.312202+00:00,73473,4277
2021-01-10T12:25:39.184279+00:00,73508,4278
2021-01-10T18:39:57.789109+00:00,73553,4279
2021-01-11T00:51:48.636750+00:00,73599,4284
2021-01-11T06:29:30.995249+00:00,73634,4283
2021-01-11T12:28:12.053418+00:00,73683,4283
2021-01-11T18:39:57.823187+00:00,73730,4283
2021-01-12T00:54:20.310784+00:00,73786,4284
2021-01-12T06:30:23.595617+00:00,73806,4285
2021-01-12T12:28:56.204001+00:00,73853,4287
2021-01-12T18:45:13.204561+00:00,73924,4289
2021-01-13T01:00:36.966100+00:00,73956,4290
2021-01-13T06:35:46.909021+00:00,73973,4290
2021-01-13T12:36:43.779663+00:00,74018,4291
2021-01-13T18:54:36.455701+00:00,74085,4291
2021-01-14T01:09:11.562344+00:00,74154,4293
2021-01-14T06:39:28.465713+00:00,74188,4295
2021-01-14T12:36:01.885246+00:00,74232,4297
2021-01-14T18:51:32.761320+00:00,74286,4298
2021-01-15T01:05:16.438506+00:00,74327,4298
2021-01-15T06:37:04.568909+00:00,74359,4300
2021-01-15T12:35:15.624973+00:00,74403,4303
2021-01-15T18:50:44.940037+00:00,74434,4306
2021-01-16T01:07:11.146257+00:00,74468,4306
2021-01-16T06:36:39.073218+00:00,74488,4306
2021-01-16T12:33:56.675793+00:00,74507,4309
2021-01-16T18:48:51.925941+00:00,74600,4311
2021-01-17T01:06:10.989634+00:00,74630,4312
2021-01-17T06:36:23.573307+00:00,74641,4312
2021-01-17T12:32:51.331805+00:00,74668,4313
2021-01-17T18:47:59.133028+00:00,74707,4317
2021-01-18T01:04:38.874039+00:00,74745,4320
2021-01-18T06:37:19.787062+00:00,74770,4322
2021-01-18T12:36:02.424814+00:00,74819,4323
2021-01-18T18:49:41.157393+00:00,74877,4324
2021-01-19T01:07:20.569244+00:00,74914,4326
2021-01-19T06:38:48.107502+00:00,74934,4326
2021-01-19T12:37:49.713197+00:00,74989,4327
2021-01-19T18:49:59.562149+00:00,75051,4333
2021-01-20T01:08:48.614295+00:00,75088,4335
2021-01-20T06:42:08.700902+00:00,75109,4336
2021-01-20T12:37:42.948745+00:00,75155,4340
2021-01-20T18:50:43.785389+00:00,75234,4341
2021-01-21T01:08:26.575748+00:00,75342,4342
2021-01-21T06:40:44.105880+00:00,75432,4342
2021-01-21T12:37:51.070957+00:00,75526,4345
2021-01-21T18:48:58.902637+00:00,75601,4348
2021-01-22T01:07:00.684548+00:00,75698,4349
2021-01-22T06:39:58.155509+00:00,75769,4349
2021-01-22T12:36:42.485605+00:00,75833,4350
2021-01-22T18:49:22.997961+00:00,75876,4350
2021-01-23T01:07:02.468387+00:00,75909,4351
2021-01-23T06:37:42.579698+00:00,75920,4354
2021-01-23T12:37:31.220522+00:00,75957,4357
2021-01-23T18:48:26.358392+00:00,75992,4360
2021-01-24T01:07:09.168426+00:00,76023,4363
2021-01-24T06:39:14.659550+00:00,76047,4365
2021-01-24T12:35:14.515413+00:00,76078,4366
2021-01-24T18:48:17.906412+00:00,76116,4369
2021-01-25T01:07:00.676579+00:00,76138,4371
2021-01-25T06:39:28.031961+00:00,76153,4371
2021-01-25T12:36:49.456259+00:00,76208,4374
2021-01-25T18:49:36.640748+00:00,76333,4375
2021-01-26T00:35:53.899297+00:00,76371,4375
2021-01-26T06:14:43.647394+00:00,76401,4376
2021-01-26T12:18:17.107681+00:00,76447,4379
2021-01-26T18:23:43.718369+00:00,76488,4382
2021-01-27T00:34:01.483938+00:00,76529,4384
2021-01-27T06:15:02.202274+00:00,76560,4384
2021-01-27T12:18:41.053520+00:00,76596,4385
2021-01-27T18:24:59.144515+00:00,76643,4385
2021-01-28T00:35:59.676143+00:00,76676,4388
2021-01-28T07:57:51.169058+00:00,76702,4388
2021-01-28T12:18:28.999470+00:00,76729,4390
2021-01-28T18:26:27.871173+00:00,76766,4389
2021-01-29T00:34:10.963246+00:00,76797,4393
2021-01-29T06:14:57.682156+00:00,76834,4394
2021-01-29T12:18:20.997428+00:00,76881,4394
2021-01-29T18:27:36.559694+00:00,76930,4398
2021-01-30T00:34:33.596890+00:00,76975,4399
2021-01-30T06:14:56.092675+00:00,76993,4399
2021-01-30T12:17:54.838753+00:00,77029,4400
2021-01-30T18:24:13.494220+00:00,77078,4400
2021-01-31T00:36:28.537566+00:00,77116,4401
2021-01-31T06:15:13.748755+00:00,77134,4400
2021-01-31T12:18:03.554652+00:00,77182,4401
2021-01-31T18:24:26.137855+00:00,77228,4402
2021-02-01T00:37:02.803172+00:00,77265,4403
2021-02-01T06:15:11.417857+00:00,77307,4404
2021-02-01T12:18:58.622336+00:00,77377,4404
2021-02-01T18:27:31.514166+00:00,77434,4408
2021-02-02T00:34:44.286656+00:00,77467,4409
2021-02-02T06:15:23.889139+00:00,77501,4409
2021-02-02T12:18:46.046905+00:00,77558,4412
2021-02-02T18:27:15.190544+00:00,77608,4413
2021-02-03T00:30:27.505563+00:00,77652,4414
2021-02-03T06:14:12.145055+00:00,77676,4414
2021-02-03T12:17:22.908244+00:00,77723,4414
2021-02-03T18:19:03.062582+00:00,77776,4417
2021-02-04T00:27:46.124126+00:00,77824,4419
2021-02-04T06:12:46.767479+00:00,77863,4419
2021-02-04T12:24:58.616402+00:00,77916,4425
2021-02-04T18:12:48.736483+00:00,77960,4427
2021-02-05T00:28:21.650177+00:00,77989,4428
2021-02-05T06:12:54.656404+00:00,78018,4429
2021-02-05T12:15:20.965711+00:00,78053,4435
2021-02-06T00:27:43.017343+00:00,78133,4440
2021-02-06T06:14:49.314800+00:00,78148,4441
2021-02-06T12:15:06.842803+00:00,78186,4441
2021-02-06T18:12:28.164536+00:00,78235,4444
2021-02-07T00:29:09.554376+00:00,78285,4444
2021-02-07T06:12:34.463709+00:00,78311,4449
2021-02-07T12:14:46.561082+00:00,78337,4453
2021-02-07T18:12:49.330874+00:00,78375,4457
2021-02-08T00:28:16.029549+00:00,78405,4458
2021-02-08T06:13:28.883399+00:00,78434,4459
2021-02-08T12:15:12.499118+00:00,78471,4459
2021-02-08T18:13:15.113415+00:00,78505,4461
2021-02-09T00:28:20.604373+00:00,78535,4461
2021-02-09T06:12:38.472087+00:00,78552,4462
2021-02-09T12:16:34.032319+00:00,78595,4465
2021-02-09T18:13:07.030744+00:00,78658,4465
2021-02-10T00:27:35.367487+00:00,78687,4467
2021-02-10T06:13:38.075496+00:00,78718,4468
2021-02-10T12:15:39.417269+00:00,78762,4472
2021-02-10T18:13:02.468270+00:00,78808,4473
2021-02-11T00:28:16.589287+00:00,78854,4474
2021-02-11T06:12:55.972580+00:00,78880,4474
2021-02-11T12:15:33.417465+00:00,78930,4480
2021-02-11T18:13:08.543794+00:00,78981,4485
2021-02-12T00:28:24.561750+00:00,79021,4487
2021-02-12T06:12:48.239891+00:00,79037,4487
2021-02-12T12:15:47.401852+00:00,79100,4487
2021-02-12T18:13:04.321914+00:00,79143,4488
2021-02-13T00:28:12.323810+00:00,79173,4488
2021-02-13T06:13:16.903548+00:00,79177,4489
2021-02-13T12:15:21.623519+00:00,79197,4489
2021-02-13T18:13:08.223371+00:00,79255,4493
2021-02-14T00:29:32.987261+00:00,79287,4495
2021-02-14T06:13:02.810367+00:00,79310,4496
2021-02-14T12:15:16.704161+00:00,79332,4499
2021-02-14T18:13:08.430078+00:00,79358,4500
2021-02-15T00:28:55.558106+00:00,79381,4503
2021-02-15T06:13:13.273904+00:00,79426,4503
2021-02-15T12:15:58.407999+00:00,79469,4505
2021-02-15T18:13:20.709415+00:00,79500,4506
2021-02-16T00:28:43.065256+00:00,79536,4509
2021-02-16T06:12:53.493149+00:00,79552,4509
2021-02-16T12:15:23.280394+00:00,79589,4509
2021-02-16T18:13:10.296127+00:00,79634,4511
2021-02-17T00:28:41.893247+00:00,79677,4513
2021-02-17T06:11:31.083895+00:00,79702,4514
2021-02-17T12:15:22.799000+00:00,79743,4514
2021-02-17T18:10:55.935455+00:00,79802,4517
2021-02-18T00:29:10.574546+00:00,79849,4517
2021-02-18T06:12:59.654874+00:00,79862,4520
2021-02-18T12:15:34.883611+00:00,79899,4522
2021-02-18T18:13:07.856715+00:00,79933,4526
2021-02-19T00:28:47.532566+00:00,79975,4526
2021-02-19T06:13:07.446837+00:00,79991,4526
2021-02-19T12:15:33.591668+00:00,80031,4528
2021-02-19T18:13:03.764373+00:00,80078,4529
2021-02-20T00:28:39.355095+00:00,80122,4529
2021-02-20T06:14:22.108553+00:00,80152,4530
2021-02-20T12:15:24.644014+00:00,80182,4533
2021-02-20T18:13:16.931246+00:00,80205,4535
2021-02-21T00:30:28.463059+00:00,80248,4535
2021-02-21T06:13:00.137660+00:00,80270,4538
2021-02-21T12:15:13.068801+00:00,80293,4539
2021-02-21T18:12:48.431995+00:00,80325,4541
2021-02-22T00:29:33.454107+00:00,80359,4542
2021-02-22T06:13:26.380375+00:00,80388,4543
2021-02-22T12:13:08.187080+00:00,80429,4545
2021-02-22T18:13:11.359930+00:00,80482,4548
2021-02-23T00:29:08.937814+00:00,80509,4550
2021-02-23T06:13:06.928289+00:00,80529,4551
2021-02-23T12:15:39.807507+00:00,80571,4551
2021-02-23T18:17:34.566232+00:00,80633,4554
2021-02-24T00:29:25.929065+00:00,80672,4554
2021-02-24T06:17:45.256873+00:00,80689,4555
2021-02-24T12:21:04.535941+00:00,80722,4558
2021-02-24T18:13:09.686320+00:00,80764,4561
2021-02-25T00:29:10.086164+00:00,80789,4563
2021-02-25T06:13:56.614174+00:00,80815,4563
2021-02-25T12:15:36.617265+00:00,80854,4565
2021-02-25T18:17:43.179809+00:00,80900,4566
2021-02-26T00:29:23.705845+00:00,80932,4566
2021-02-26T06:13:20.230710+00:00,80968,4569
2021-02-26T12:20:57.067333+00:00,80996,4572
2021-02-26T18:13:04.591508+00:00,81025,4573
2021-02-27T00:29:33.534650+00:00,81055,4573
2021-02-27T06:13:22.806627+00:00,81072,4574
2021-02-27T12:16:10.317359+00:00,81103,4576
2021-02-27T18:12:57.094703+00:00,81148,4577
2021-02-28T00:31:30.223230+00:00,81181,4580
2021-02-28T06:14:00.615172+00:00,81196,4581
2021-02-28T12:15:46.779130+00:00,81217,4583
2021-02-28T18:14:01.447608+00:00,81254,4583
2021-03-01T00:31:30.542244+00:00,81297,4584
2021-03-01T06:14:05.471187+00:00,81310,4584
2021-03-01T12:16:17.968383+00:00,81353,4584
2021-03-01T18:17:51.209411+00:00,81404,4585
2021-03-02T00:25:21.658589+00:00,81453,4585
2021-03-02T06:13:15.494034+00:00,81483,4585
2021-03-02T12:13:28.744669+00:00,81509,4587
2021-03-02T18:12:48.389786+00:00,81565,4590
2021-03-03T00:29:42.557236+00:00,81609,4591
2021-03-03T06:13:50.048523+00:00,81628,4592
2021-03-03T12:20:49.313760+00:00,81653,4594
2021-03-03T18:20:49.951590+00:00,81702,4595
2021-03-04T00:29:46.784417+00:00,81735,4597
2021-03-04T06:12:52.206671+00:00,81750,4597
2021-03-04T12:20:46.746078+00:00,81782,4599
2021-03-04T18:17:55.529513+00:00,81826,4601
2021-03-05T00:30:34.889403+00:00,81859,4604
2021-03-05T06:13:45.400279+00:00,81875,4604
2021-03-05T12:16:14.785819+00:00,81923,4608
2021-03-05T18:13:53.521072+00:00,81972,4608
2021-03-06T00:30:16.553274+00:00,82010,4609
2021-03-06T06:13:22.848867+00:00,82024,4609
2021-03-06T12:15:51.014642+00:00,82040,4609
2021-03-06T18:13:34.427345+00:00,82070,4611
2021-03-07T00:32:09.262208+00:00,82097,4613
2021-03-07T06:13:34.534553+00:00,82121,4612
2021-03-07T12:16:05.853196+00:00,82148,4614
2021-03-07T18:12:56.070075+00:00,82193,4615
2021-03-08T00:30:59.373401+00:00,82240,4618
2021-03-08T06:14:02.000846+00:00,82259,4621
2021-03-08T12:20:56.806947+00:00,82294,4623
2021-03-08T18:19:50.555210+00:00,82352,4623
2021-03-09T00:30:28.808096+00:00,82389,4627
2021-03-09T06:13:35.008917+00:00,82411,4627
2021-03-09T12:20:40.830648+00:00,82441,4628
2021-03-09T18:25:57.580653+00:00,82481,4629
2021-03-10T00:30:31.844592+00:00,82517,4631
2021-03-10T06:13:47.178833+00:00,82540,4631
2021-03-10T12:16:38.760822+00:00,82570,4631
2021-03-10T18:19:42.368345+00:00,82602,4631
2021-03-11T00:30:34.409946+00:00,82624,4634
2021-03-11T06:13:56.397730+00:00,82648,4636
2021-03-11T12:16:50.261613+00:00,82709,4636
2021-03-11T18:20:47.756560+00:00,82750,4636
2021-03-12T00:30:52.554103+00:00,82792,4636
2021-03-12T06:14:17.640145+00:00,82811,4638
2021-03-12T12:21:41.975120+00:00,82836,4641
2021-03-12T18:15:20.197463+00:00,82872,4641
2021-03-13T00:30:45.400332+00:00,82897,4642
2021-03-13T06:13:37.578250+00:00,82907,4642
2021-03-13T12:17:11.992258+00:00,82937,4643
2021-03-13T18:14:23.533668+00:00,82987,4644
2021-03-14T00:32:21.383329+00:00,83015,4646
2021-03-14T06:13:43.098420+00:00,83031,4646
2021-03-14T12:16:24.896758+00:00,83055,4647
2021-03-14T18:13:22.775621+00:00,83077,4647
2021-03-15T00:31:23.097868+00:00,83115,4647
2021-03-15T06:13:50.130874+00:00,83143,4649
2021-03-15T12:20:45.951762+00:00,83170,4649
2021-03-15T18:13:07.712723+00:00,83214,4650
2021-03-16T00:30:25.286830+00:00,83249,4652
2021-03-16T06:15:17.496361+00:00,83281,4653
2021-03-16T12:21:34.427763+00:00,83324,4653
2021-03-16T18:15:02.602672+00:00,83380,4655
2021-03-17T00:31:42.184188+00:00,83407,4655
2021-03-17T06:14:07.028057+00:00,83437,4656
2021-03-17T12:21:41.486136+00:00,83494,4656
2021-03-17T18:18:43.434738+00:00,83538,4658
2021-03-18T00:31:11.300386+00:00,83566,4660
2021-03-18T06:18:46.715703+00:00,83591,4662
2021-03-18T12:16:48.018557+00:00,83625,4665
2021-03-18T18:15:15.968704+00:00,83679,4670
2021-03-19T00:31:58.412893+00:00,83706,4671
2021-03-19T06:14:11.951220+00:00,83729,4673
2021-03-19T12:21:42.818419+00:00,83772,4674
2021-03-19T18:16:16.031927+00:00,83802,4675
2021-03-20T00:31:27.931622+00:00,83832,4676
2021-03-20T06:18:36.086251+00:00,83879,4677
2021-03-20T12:21:37.004523+00:00,83919,4678
2021-03-20T18:16:08.911356+00:00,83952,4680
2021-03-21T00:33:12.863458+00:00,83977,4682
2021-03-21T06:14:00.423075+00:00,83994,4682
2021-03-21T12:21:54.108125+00:00,84024,4683
2021-03-21T18:21:40.739629+00:00,84062,4684
2021-03-22T00:36:56.314491+00:00,84089,4684
2021-03-22T06:19:04.406370+00:00,84108,4686
2021-03-22T12:21:45.082523+00:00,84150,4689
2021-03-22T18:17:40.720117+00:00,84180,4690
2021-03-23T00:31:29.464657+00:00,84204,4691
2021-03-23T06:14:13.704140+00:00,84231,4691
2021-03-23T12:23:04.571319+00:00,84265,4692
2021-03-23T18:16:44.579615+00:00,84342,4693
2021-03-24T00:32:05.218497+00:00,84383,4696
2021-03-24T06:04:54.751408+00:00,84405,4696
2021-03-24T12:09:59.110890+00:00,84443,4697
2021-03-24T18:09:46.924618+00:00,84487,4699
2021-03-25T00:14:30.474341+00:00,84518,4702
2021-03-25T06:04:48.880104+00:00,84538,4704
2021-03-25T12:05:18.512599+00:00,84586,4705
2021-03-25T18:12:59.376821+00:00,84634,4708
2021-03-26T00:13:16.089947+00:00,84661,4711
2021-03-26T06:05:07.065870+00:00,84678,4712
2021-03-26T12:05:08.979173+00:00,84717,4712
2021-03-26T18:12:48.937016+00:00,84785,4713
2021-03-27T00:11:58.328973+00:00,84802,4713
2021-03-27T06:04:41.374644+00:00,84818,4713
2021-03-27T12:04:58.132194+00:00,84842,4713
2021-03-27T18:13:27.496459+00:00,84881,4714
2021-03-28T00:12:24.732425+00:00,84946,4714
2021-03-28T06:04:39.062512+00:00,84984,4714
2021-03-28T12:04:58.460558+00:00,85007,4715
2021-03-28T18:13:19.778208+00:00,85051,4717
2021-03-29T00:12:26.544091+00:00,85156,4717
2021-03-29T06:04:52.919169+00:00,85188,4717
2021-03-29T12:05:13.533466+00:00,85242,4719
2021-03-29T18:12:43.421835+00:00,85417,4721
2021-03-30T00:11:37.652631+00:00,85455,4722
2021-03-30T06:04:43.677739+00:00,85471,4725
2021-03-30T12:05:11.753476+00:00,85515,4725
2021-03-30T18:14:10.514171+00:00,85567,4726
2021-03-31T00:09:48.495282+00:00,85610,4727
2021-03-31T06:04:29.925797+00:00,85649,4727
2021-03-31T12:05:20.280156+00:00,85687,4727
2021-03-31T18:13:57.257564+00:00,85730,4728
2021-04-01T00:12:35.970650+00:00,85763,4727
2021-04-01T06:04:42.573968+00:00,85792,4727
2021-04-01T12:05:13.079885+00:00,85825,4727
2021-04-01T18:14:35.032694+00:00,85860,4729
2021-04-02T00:18:41.657478+00:00,85921,4729
2021-04-02T06:04:31.090235+00:00,85955,4730
2021-04-02T12:05:10.550186+00:00,85993,4730
2021-04-02T18:13:51.858521+00:00,86083,4730
2021-04-03T00:12:03.450530+00:00,86116,4730
2021-04-03T06:04:36.117539+00:00,86133,4731
2021-04-03T12:04:37.588590+00:00,86155,4731
2021-04-03T18:17:49.610711+00:00,86196,4733
2021-04-04T00:17:57.155406+00:00,86220,4734
2021-04-04T06:04:44.568503+00:00,86239,4736
2021-04-04T12:04:47.837911+00:00,86261,4738
2021-04-04T18:13:16.724628+00:00,86302,4740
2021-04-05T00:13:32.418590+00:00,86320,4742
2021-04-05T06:04:35.321050+00:00,86343,4742
2021-04-05T12:05:30.261343+00:00,86386,4742
2021-04-05T18:13:48.761083+00:00,86447,4743
2021-04-06T00:13:07.110172+00:00,86509,4746
2021-04-06T06:04:39.998183+00:00,86537,4746
2021-04-06T12:04:36.452578+00:00,86590,4746
2021-04-06T18:14:30.466184+00:00,86654,4746
2021-04-07T00:12:29.254950+00:00,86684,4747
2021-04-07T06:04:40.735666+00:00,86708,4747
2021-04-07T12:05:16.413378+00:00,86743,4748
2021-04-07T18:13:59.360546+00:00,86782,4748
2021-04-08T00:14:21.833490+00:00,86813,4749
2021-04-08T06:04:35.030829+00:00,86830,4752
2021-04-08T12:05:08.978620+00:00,86873,4752
2021-04-08T18:13:20.998844+00:00,86920,4757
2021-04-09T00:12:55.493174+00:00,86957,4761
2021-04-09T06:04:55.336938+00:00,86992,4761
2021-04-09T12:05:15.854378+00:00,87023,4763
2021-04-09T18:07:21.734944+00:00,87065,4764
2021-04-10T00:13:03.133151+00:00,87085,4766
2021-04-10T06:04:35.204974+00:00,87104,4767
2021-04-10T12:05:00.751651+00:00,87126,4769
2021-04-10T18:11:28.616078+00:00,87152,4770
2021-04-11T00:14:05.020183+00:00,87174,4771
2021-04-11T06:04:29.596316+00:00,87182,4771
2021-04-11T12:05:05.663410+00:00,87208,4772
2021-04-11T18:11:31.515574+00:00,87274,4775
2021-04-12T00:13:29.762150+00:00,87290,4775
2021-04-12T06:04:58.649533+00:00,87324,4775
2021-04-12T12:08:25.778055+00:00,87372,4777
2021-04-12T18:17:52.162287+00:00,87435,4780
2021-04-13T00:13:54.878504+00:00,87470,4782
2021-04-13T06:04:57.559096+00:00,87487,4783
2021-04-13T12:05:21.976349+00:00,87524,4783
2021-04-13T18:13:01.363724+00:00,87564,4785
2021-04-14T00:11:35.496850+00:00,87591,4786
2021-04-14T06:04:46.933741+00:00,87617,4786
2021-04-14T12:05:12.235590+00:00,87659,4788
2021-04-14T18:10:22.460618+00:00,87709,4790
2021-04-15T00:12:41.600330+00:00,87739,4789
2021-04-15T06:04:51.025998+00:00,87759,4789
2021-04-15T12:05:13.590130+00:00,87797,4791
2021-04-15T18:12:32.396008+00:00,87841,4793
2021-04-16T00:11:39.208125+00:00,87869,4794
2021-04-16T06:04:48.324268+00:00,87901,4795
2021-04-16T12:05:12.225520+00:00,87953,4797
2021-04-16T18:12:20.899487+00:00,88022,4797
2021-04-17T00:12:11.038124+00:00,88047,4800
2021-04-17T06:04:38.667663+00:00,88059,4800
2021-04-17T12:04:45.508314+00:00,88092,4800
2021-04-17T18:09:56.487281+00:00,88134,4801
2021-04-18T00:12:34.059632+00:00,88167,4802
2021-04-18T06:04:28.552572+00:00,88183,4805
2021-04-18T12:05:03.057203+00:00,88204,4808
2021-04-18T18:09:56.506687+00:00,88243,4808
2021-04-19T00:12:38.736426+00:00,88273,4809
2021-04-19T06:04:48.338451+00:00,88298,4809
2021-04-19T12:05:22.445167+00:00,88337,4809
2021-04-19T18:11:06.607705+00:00,88377,4809
2021-04-20T00:12:37.884561+00:00,88409,4810
2021-04-20T06:05:15.325972+00:00,88439,4810
2021-04-20T12:05:36.316922+00:00,88471,4813
2021-04-20T18:12:11.619521+00:00,88512,4813
2021-04-21T00:12:20.603245+00:00,88533,4814
2021-04-21T06:05:12.041841+00:00,88551,4813
2021-04-21T12:05:21.402885+00:00,88586,4817
2021-04-21T18:12:31.952833+00:00,88621,4818
2021-04-22T00:13:04.730924+00:00,88657,4818
2021-04-22T06:04:45.457238+00:00,88680,4819
2021-04-22T12:05:21.306260+00:00,88718,4822
2021-04-22T18:13:25.163799+00:00,88766,4823
2021-04-23T00:12:18.113277+00:00,88798,4826
2021-04-23T06:04:40.734475+00:00,88829,4826
2021-04-23T12:05:19.768807+00:00,88855,4826
2021-04-23T18:13:10.874605+00:00,88901,4827
2021-04-24T00:13:02.191058+00:00,88914,4829
2021-04-24T06:04:33.773605+00:00,88934,4830
2021-04-24T12:05:18.123123+00:00,88963,4832
2021-04-24T18:12:47.618918+00:00,88991,4834
2021-04-25T00:13:14.110231+00:00,89021,4836
2021-04-25T06:04:34.653481+00:00,89041,4836
2021-04-25T12:05:13.747066+00:00,89053,4837
2021-04-25T18:13:19.002412+00:00,89075,4837
2021-04-26T00:13:41.664713+00:00,89103,4839
2021-04-26T06:04:45.022661+00:00,89120,4839
2021-04-26T12:05:24.279944+00:00,89179,4840
2021-04-26T18:13:43.304323+00:00,89225,4841
2021-04-27T00:12:09.541769+00:00,89253,4844
2021-04-27T06:04:49.380594+00:00,89275,4843
2021-04-27T12:05:30.491023+00:00,89312,4842
2021-04-27T18:13:50.250872+00:00,89369,4845
2021-04-28T00:12:19.780950+00:00,89400,4846
2021-04-28T12:05:39.798127+00:00,89460,4850
2021-04-28T18:13:23.150540+00:00,89490,4853
2021-04-29T00:12:36.732969+00:00,89519,4852
2021-04-29T06:18:02.925490+00:00,89546,4853
2021-04-29T12:21:19.357205+00:00,89593,4854
2021-04-29T18:25:04.907385+00:00,89648,4856
2021-04-30T00:42:59.319367+00:00,89695,4856
2021-04-30T06:17:49.097176+00:00,89717,4857
2021-04-30T12:20:49.655590+00:00,89757,4858
2021-04-30T18:23:26.736498+00:00,89792,4858
2021-05-01T00:44:54.665572+00:00,89807,4858
2021-05-01T06:17:42.373389+00:00,89816,4859
2021-05-01T12:20:24.050234+00:00,89851,4861
2021-05-01T18:23:07.223463+00:00,89884,4862
2021-05-02T00:49:45.766934+00:00,89928,4863
2021-05-02T06:17:46.133871+00:00,89940,4865
2021-05-02T12:20:20.464753+00:00,89973,4870
2021-05-02T18:21:22.135253+00:00,90001,4872
2021-05-03T00:44:33.596545+00:00,90026,4873
2021-05-03T06:18:23.985326+00:00,90047,4875
2021-05-03T12:21:37.010589+00:00,90084,4877
2021-05-03T18:22:18.347933+00:00,90115,4882
2021-05-04T00:40:20.718972+00:00,90149,4884
2021-05-04T06:16:14.548151+00:00,90177,4886
2021-05-04T12:18:27.325683+00:00,90222,4887
2021-05-04T18:17:49.070388+00:00,90263,4887
2021-05-05T00:36:03.884690+00:00,90301,4888
2021-05-05T06:16:28.440911+00:00,90330,4890
2021-05-05T12:18:45.645864+00:00,90364,4892
2021-05-05T18:20:34.110945+00:00,90401,4894
2021-05-06T00:35:14.543470+00:00,90438,4894
2021-05-06T06:15:53.762088+00:00,90450,4895
2021-05-06T12:18:11.165792+00:00,90490,4895
2021-05-06T18:21:03.634336+00:00,90524,4897
2021-05-07T00:36:41.729986+00:00,90545,4897
2021-05-07T06:16:03.767154+00:00,90573,4899
2021-05-07T12:18:19.169706+00:00,90597,4899
2021-05-07T18:20:59.687342+00:00,90675,4900
2021-05-08T00:36:32.240037+00:00,90692,4901
2021-05-08T06:15:48.526606+00:00,90708,4901
2021-05-08T12:18:35.163732+00:00,90743,4901
2021-05-08T18:19:11.984073+00:00,90780,4901
2021-05-09T00:39:48.026573+00:00,90806,4901
2021-05-09T06:15:14.593082+00:00,90822,4901
2021-05-09T12:17:49.457937+00:00,90841,4901
2021-05-09T18:19:11.915757+00:00,90868,4903
2021-05-10T00:38:19.391998+00:00,90888,4904
2021-05-10T06:16:11.880041+00:00,90910,4904
2021-05-10T12:18:45.303557+00:00,90943,4905
2021-05-10T18:24:58.594598+00:00,90993,4906
2021-05-11T00:38:23.878630+00:00,91018,4906
2021-05-11T06:16:09.505167+00:00,91034,4907
2021-05-11T12:19:15.906082+00:00,91074,4909
2021-05-11T18:24:48.815091+00:00,91120,4913
2021-05-12T00:39:28.784738+00:00,91168,4913
2021-05-12T06:21:23.390319+00:00,91186,4913
2021-05-12T12:22:31.204487+00:00,91221,4913
2021-05-12T18:28:37.463213+00:00,91282,4913
2021-05-13T00:47:10.383067+00:00,91304,4913
2021-05-13T06:18:07.044482+00:00,91320,4913
2021-05-13T12:21:16.473790+00:00,91352,4914
2021-05-13T18:28:42.801878+00:00,91387,4914
2021-05-14T00:49:11.300421+00:00,91413,4913
2021-05-14T06:18:04.305547+00:00,91428,4913
2021-05-14T12:26:01.435524+00:00,91455,4913
2021-05-14T18:30:05.167071+00:00,91500,4916
2021-05-15T00:45:52.213791+00:00,91517,4916
2021-05-15T06:17:58.106378+00:00,91531,4916
2021-05-15T12:20:41.634836+00:00,91557,4918
2021-05-15T18:27:03.338977+00:00,91613,4918
2021-05-16T00:50:41.326697+00:00,91638,4918
2021-05-16T18:28:58.463251+00:00,91709,4923
2021-05-17T00:46:15.344439+00:00,91737,4923
2021-05-17T06:18:03.528557+00:00,91764,4924
2021-05-17T12:22:05.898818+00:00,91801,4924
2021-05-17T18:29:25.438501+00:00,91837,4926
2021-05-18T00:50:47.032235+00:00,91857,4926
2021-05-18T06:17:47.829128+00:00,91879,4928
2021-05-18T12:21:58.916740+00:00,91915,4929
2021-05-18T18:32:34.366949+00:00,91953,4929
2021-05-19T00:45:59.434848+00:00,91980,4929
2021-05-19T06:18:15.701353+00:00,92004,4929
2021-05-19T12:21:51.907694+00:00,92041,4930
2021-05-19T18:30:42.546406+00:00,92080,4932
2021-05-20T00:42:49.387451+00:00,92108,4934
2021-05-20T06:18:09.679490+00:00,92134,4934
2021-05-20T12:22:11.894111+00:00,92167,4934
2021-05-20T18:32:25.896022+00:00,92217,4937
2021-05-21T00:47:32.665455+00:00,92248,4940
2021-05-21T06:18:05.385793+00:00,92271,4941
2021-05-21T12:23:18.122983+00:00,92297,4942
2021-05-21T18:34:49.463303+00:00,92344,4945
2021-05-22T00:46:54.972987+00:00,92362,4945
2021-05-22T06:17:37.989115+00:00,92376,4946
2021-05-22T12:21:24.177083+00:00,92400,4946
2021-05-22T18:32:04.485858+00:00,92442,4948
2021-05-23T00:52:43.791925+00:00,92464,4948
2021-05-23T06:18:25.414167+00:00,92481,4950
2021-05-23T12:21:20.655989+00:00,92516,4951
2021-05-23T18:29:57.664182+00:00,92546,4954
2021-05-24T00:50:25.628024+00:00,92568,4956
2021-05-24T06:20:21.554726+00:00,92586,4956
2021-05-24T12:23:20.418067+00:00,92621,4958
2021-05-24T18:38:12.566868+00:00,92690,4958
2021-05-25T00:49:36.679297+00:00,92732,4960
2021-05-25T06:28:17.056811+00:00,92754,4962
2021-05-25T12:23:42.321852+00:00,92807,4965
2021-05-25T18:40:47.590555+00:00,92852,4965
2021-05-26T00:59:13.001758+00:00,92869,4966
2021-05-26T06:36:08.923487+00:00,92893,4966
2021-05-26T12:26:47.098984+00:00,92925,4967
2021-05-26T18:52:27.946282+00:00,92987,4967
2021-05-27T01:03:01.328447+00:00,93021,4968
2021-05-27T06:42:24.614129+00:00,93045,4973
2021-05-27T12:34:48.367278+00:00,93079,4975
2021-05-27T18:56:21.938358+00:00,93118,4974
2021-05-28T01:10:58.012765+00:00,93161,4977
2021-05-28T07:03:22.364130+00:00,93177,4976
2021-05-28T12:43:10.446925+00:00,93200,4977
2021-05-28T19:06:38.272958+00:00,93229,4977
2021-05-29T01:24:20.659699+00:00,93239,4976
2021-05-29T07:27:26.736454+00:00,93256,4976
2021-05-29T12:43:07.494721+00:00,93271,4977
2021-05-29T19:14:23.089907+00:00,93301,4977
2021-05-30T01:35:55.521756+00:00,93319,4977
2021-05-30T07:10:54.247400+00:00,93337,4977
2021-05-30T12:43:20.830127+00:00,93355,4977
2021-05-30T19:11:09.794535+00:00,93379,4977
2021-05-31T01:46:03.787053+00:00,93403,4977
2021-05-31T07:20:13.353075+00:00,93423,4977
2021-05-31T12:49:58.657982+00:00,93454,4978
2021-05-31T19:40:05.236573+00:00,93493,4979
2021-06-01T02:05:02.631028+00:00,93522,4980
2021-06-01T07:45:44.026023+00:00,93546,4981
2021-06-01T12:59:36.624080+00:00,93584,4983
2021-06-01T20:26:09.810406+00:00,93634,4985
2021-06-02T02:12:14.640888+00:00,93661,4986
2021-06-02T07:48:17.605766+00:00,93688,4988
2021-06-02T13:01:03.904857+00:00,93733,4988
2021-06-02T20:22:57.212948+00:00,93779,4990
2021-06-03T01:49:43.647929+00:00,93796,4990
2021-06-03T07:22:39.240978+00:00,93821,4991
2021-06-03T12:44:04.828745+00:00,93847,4993
2021-06-03T19:47:43.167553+00:00,93906,4999
2021-06-04T01:33:39.305608+00:00,93930,5002
2021-06-04T07:44:05.021264+00:00,93960,5003
2021-06-04T12:56:51.879498+00:00,93985,5007
2021-06-04T19:36:33.311891+00:00,94021,5007
2021-06-05T01:10:55.593793+00:00,94035,5007
2021-06-05T06:50:22.655626+00:00,94047,5007
2021-06-05T12:43:28.288655+00:00,94073,5009
2021-06-05T18:54:05.966922+00:00,94104,5009
2021-06-06T01:04:15.409105+00:00,94116,5010
2021-06-06T06:43:34.670260+00:00,94124,5010
2021-06-06T12:44:01.422987+00:00,94147,5012
2021-06-06T18:55:13.234202+00:00,94180,5013
2021-06-07T01:05:31.969975+00:00,94200,5015
2021-06-07T07:32:58.240222+00:00,94233,5017
2021-06-07T12:52:34.522282+00:00,94269,5018
2021-06-07T19:46:00.260052+00:00,94315,5020
2021-06-08T01:03:35.560370+00:00,94330,5020
2021-06-08T06:28:49.422131+00:00,94347,5020
2021-06-08T12:20:17.839676+00:00,94393,5020
2021-06-08T18:40:15.335803+00:00,94507,5021
2021-06-09T00:44:32.674637+00:00,94543,5021
2021-06-09T06:24:23.761399+00:00,94613,5025
2021-06-09T12:19:49.601870+00:00,94654,5027
2021-06-09T18:32:37.283783+00:00,94684,5026
2021-06-10T00:43:04.790655+00:00,94711,5027
2021-06-10T06:20:37.084154+00:00,94732,5030
2021-06-10T12:20:11.848852+00:00,94787,5031
2021-06-10T18:30:57.594426+00:00,94852,5034
2021-06-11T00:39:39.258318+00:00,94877,5034
2021-06-11T06:15:08.774083+00:00,94888,5035
2021-06-11T12:17:49.087233+00:00,94932,5037
2021-06-11T18:16:34.864234+00:00,94972,5039
2021-06-12T00:35:07.900174+00:00,94993,5040
2021-06-12T06:14:51.136747+00:00,95007,5043
2021-06-12T12:17:45.828353+00:00,95030,5050
2021-06-12T18:14:29.260347+00:00,95062,5052
2021-06-13T00:41:37.281013+00:00,95085,5054
2021-06-13T06:15:11.351127+00:00,95094,5054
2021-06-13T12:18:07.315956+00:00,95120,5055
2021-06-13T18:14:50.434703+00:00,95149,5057
2021-06-14T00:38:08.543963+00:00,95195,5061
2021-06-14T06:15:34.205695+00:00,95239,5066
2021-06-14T12:18:32.774612+00:00,95302,5069
2021-06-14T18:15:04.242908+00:00,95375,5075
2021-06-15T00:41:05.052381+00:00,95422,5077
2021-06-15T06:15:29.669343+00:00,95453,5079
2021-06-15T12:18:27.084800+00:00,95520,5083
2021-06-15T18:17:32.222779+00:00,95660,5088
2021-06-16T00:40:09.606179+00:00,95746,5095
2021-06-16T06:15:45.763579+00:00,95785,5096
2021-06-16T12:18:50.959474+00:00,95873,5098
2021-06-16T18:16:29.364078+00:00,96101,5100
2021-06-17T00:38:29.582069+00:00,96306,5100
2021-06-17T06:15:46.051343+00:00,96494,5099
2021-06-17T12:18:57.750870+00:00,96708,5101
2021-06-17T18:16:27.221064+00:00,96923,5102
2021-06-18T00:39:04.083039+00:00,97113,5103
2021-06-18T06:15:26.345720+00:00,97277,5103
2021-06-18T12:18:26.794864+00:00,97478,5105
2021-06-18T18:15:06.457120+00:00,97671,5107
2021-06-19T00:39:05.424475+00:00,97829,5109
2021-06-19T06:15:15.118893+00:00,97957,5110
2021-06-19T12:17:53.987138+00:00,98106,5111
2021-06-19T18:14:04.547973+00:00,98266,5110
2021-06-20T00:41:24.941892+00:00,98384,5113
2021-06-20T06:14:55.095085+00:00,98492,5114
2021-06-20T12:18:00.784704+00:00,98622,5118
2021-06-20T18:13:56.676633+00:00,98739,5121
2021-06-21T00:40:48.771008+00:00,98876,5125
2021-06-21T06:15:39.255250+00:00,99044,5128
2021-06-21T12:19:14.981897+00:00,99248,5133
2021-06-21T18:14:39.455649+00:00,99466,5140
2021-06-22T00:37:22.286307+00:00,99668,5145
2021-06-22T06:15:38.792766+00:00,99858,5147
2021-06-22T12:18:37.168786+00:00,100077,5151
2021-06-22T18:14:13.642212+00:00,100263,5154
2021-06-23T00:37:16.310942+00:00,100322,5156
2021-06-23T06:14:41.061694+00:00,100426,5157
2021-06-23T12:15:00.505805+00:00,100568,5159
2021-06-23T18:14:01.127122+00:00,100715,5161
2021-06-24T00:31:12.183089+00:00,100775,5160
